tract_id,median_rent,median_value,median_income,median_year_built,avg_household_size
36005000100,,,,,
36005000100,,,,,
36005000200,1237,394800,70893,1958,4
36005000400,1390,353500,76667,1993,3
36005001600,945,376400,31540,1974,3
36005001900,1134,374400,39130,1985,2
36005002000,610,378500,17083,1953,3
36005002300,417,,16503,1956,2
36005002400,,,,,5
36005002500,692,475000,21060,1943,3
36005002701,447,,18409,1952,3
36005002702,963,437100,16000,1948,3
36005002800,937,254700,49180,1966,2
36005003100,1025,58100,45101,1939,3
36005003300,626,406300,20268,1939,3
36005003500,880,420000,26066,1939,3
36005003700,930,,,1960,2
36005003800,911,350000,30694,1969,3
36005003900,1067,245000,28537,1939,3
36005004001,1057,409500,49709,1956,3
36005004100,538,342900,18394,1956,3
36005004200,815,,23250,1963,3
36005004300,786,439900,21551,1956,3
36005004400,480,362500,20725,1953,3
36005004600,808,135200,40625,1966,3
36005004800,1095,,30179,1950,3
36005005001,1291,381800,27283,1954,3
36005005002,1168,554900,28010,1939,3
36005005100,522,,19657,1953,3
36005005200,660,265000,18917,1954,3
36005005300,946,,15141,1973,3
36005005400,1204,424800,29857,1939,4
36005005600,1056,424000,18918,1941,3
36005005902,1256,206800,29908,1939,3
36005006000,1118,370800,39783,1939,4
36005006100,1011,23100,42713,1964,2
36005006200,703,,24835,1956,3
36005006300,1162,222800,31926,1939,2
36005006400,1203,541300,27917,1952,3
36005006500,984,,22365,1971,3
36005006700,696,349200,20945,1951,3
36005006800,1228,404400,47863,1955,3
36005006900,873,574100,26513,1966,3
36005007000,1288,421500,33412,1951,4
36005007100,1011,223400,37744,1997,3
36005007200,1142,333300,35032,1943,3
36005007300,964,,19925,1950,3
36005007400,1275,362600,39375,1969,3
36005007500,793,308000,26401,1958,3
36005007600,1226,518800,34778,1941,3
36005007700,1221,353300,30912,1979,3
36005007800,1308,411900,40083,1951,3
36005007900,703,,25651,1943,3
36005008300,889,405600,22704,1939,3
36005008400,1471,442500,66958,1968,4
36005008500,1003,251100,28403,1939,3
36005008600,408,391000,21747,1957,3
36005008700,1027,335700,29152,1955,3
36005008900,929,56600,26711,1939,3
36005009000,438,409400,28631,1957,3
36005009200,1276,465400,38708,1946,3
36005009300,1157,372000,30811,1939,3
36005009600,1526,400600,47250,1949,3
36005009800,1386,413100,54007,1961,3
36005011000,1406,,,1939,3
36005011502,998,395000,22321,1939,3
36005011700,1094,9999,26500,1939,3
36005011800,1752,408500,85048,1951,3
36005011900,941,,23224,1939,3
36005012101,1013,407500,29294,1939,3
36005012102,495,,18692,1939,3
36005012300,663,432700,24474,1960,3
36005012500,1089,431600,28359,1981,3
36005012701,733,339100,18777,1939,3
36005012901,942,543300,20243,1984,3
36005013000,1429,437900,76488,1957,3
36005013100,901,397100,29114,1962,3
36005013200,1309,451900,100258,1962,3
36005013300,675,,21731,1954,3
36005013500,702,313700,25947,1948,3
36005013800,1273,279700,70598,1950,2
36005014100,1074,251500,30408,2001,3
36005014300,541,322500,16793,1970,2
36005014400,567,472000,24034,1960,3
36005014500,902,,24301,1961,3
36005014701,436,,16170,1955,3
36005014702,500,,18276,1952,3
36005014900,981,,25057,1939,3
36005015100,1035,415500,32782,1939,3
36005015200,1399,440400,70441,1952,3
36005015300,1097,374000,18655,1988,3
36005015500,764,481800,17438,1941,3
36005015700,1004,453000,33661,1985,3
36005015800,1608,426100,67115,1960,3
36005015900,387,,15033,1968,3
36005016000,1692,432800,80500,1960,3
36005016100,455,,15625,1967,3
36005016200,1233,417000,70813,1941,3
36005016300,,,,,
36005016400,1295,474400,65000,1939,2
36005016500,1063,423100,25431,1941,3
36005016600,1594,445300,68864,1957,3
36005016700,1039,404500,26250,1976,3
36005016900,819,445300,25000,1965,2
36005017100,,,,,
36005017300,788,433300,17500,1947,3
36005017500,748,,26690,1939,3
36005017701,1178,485800,24847,1939,4
36005017702,1130,389900,26946,1939,3
36005017901,1124,351000,28987,1939,3
36005017902,1117,,19912,1939,3
36005018101,1086,471000,24953,1939,3
36005018102,1111,345800,36755,1939,4
36005018301,1094,258200,30104,1939,2
36005018302,1178,161800,28822,1939,3
36005018400,1364,427900,62230,1947,2
36005018500,927,,28496,1948,3
36005018900,1053,408800,22014,1939,3
36005019300,836,,22500,1950,3
36005019400,1472,402300,55833,1954,3
36005019500,1090,197900,27294,1939,3
36005019700,1109,,21616,1939,3
36005019900,1124,,33402,1943,3
36005020000,1181,368100,44702,1939,3
36005020100,1087,,30281,1944,3
36005020200,1116,433300,34938,1958,3
36005020400,1336,446800,42383,1941,3
36005020501,822,554500,23194,1955,2
36005020502,960,423500,15776,1947,2
36005020601,1497,407100,51293,1962,3
36005020900,1076,,31396,1946,3
36005021001,1160,151600,50400,1944,3
36005021002,1174,129400,54393,1942,2
36005021100,1021,333300,25884,1950,3
36005021200,1205,118600,53904,1943,2
36005021301,938,221600,16420,1950,2
36005021302,1066,,31443,1989,3
36005021501,1057,,26817,1943,3
36005021502,1039,380600,19494,1945,3
36005021601,1215,412700,26152,1948,3
36005021602,1190,124200,42835,1942,2
36005021700,1060,356300,23963,1939,3
36005021800,1161,466900,34313,1941,3
36005021900,1163,,23092,1939,3
36005022000,1226,365600,26458,1952,4
36005022101,1070,,27000,1941,3
36005022102,1155,575000,19933,1939,3
36005022200,1270,301300,40221,1951,3
36005022300,1034,,23947,1947,3
36005022401,1290,132000,46250,1939,2
36005022403,1357,189400,38967,1939,3
36005022404,1199,122400,43856,1939,2
36005022500,1126,,29273,1939,3
36005022701,1154,,30218,1942,3
36005022702,974,,23438,1947,2
36005022703,1198,,43106,1939,3
36005022800,1311,395500,50904,1943,2
36005022901,1085,,28750,1939,3
36005022902,1080,319400,27743,1939,3
36005023000,1273,444900,37788,1950,3
36005023100,1182,431800,26477,1939,3
36005023200,1207,429000,51850,1939,3
36005023301,1065,,23023,1939,3
36005023302,1296,,25710,1939,4
36005023501,1127,,25854,1939,3
36005023502,1069,417100,21167,1939,3
36005023600,1343,448000,39318,1939,4
36005023702,1182,,32176,1939,3
36005023703,1165,,29447,1939,4
36005023704,1154,,21822,1939,3
36005023800,1426,423100,46484,1939,3
36005023900,1136,,20553,1939,3
36005024000,1245,427300,32834,1942,3
36005024100,1076,350000,25000,1944,3
36005024300,995,400000,19879,1939,3
36005024400,1282,422900,54375,1946,3
36005024501,1036,358800,21892,1939,3
36005024502,1110,360200,28382,1939,3
36005024600,1364,543700,62444,1948,3
36005024700,1202,,41859,1953,3
36005024800,1248,474700,60417,1954,2
36005024900,,,,,
36005025000,1295,452000,71563,1950,3
36005025100,1065,543700,26048,1939,3
36005025200,1397,452400,56932,1947,3
36005025300,1161,226700,29427,1939,3
36005025400,1332,464800,53031,1941,3
36005025500,1059,,26283,1939,3
36005025600,1321,429800,41361,1939,3
36005025700,1158,588500,29736,1939,3
36005026100,1173,150800,70956,1953,2
36005026300,1110,,28626,1939,3
36005026400,1344,416300,66571,1943,3
36005026500,1146,455300,28625,1941,4
36005026601,1311,415400,58125,1951,2
36005026602,1195,379600,43480,1960,2
36005026701,1196,,27365,1939,3
36005026702,1193,439000,36382,1939,3
36005026900,1009,149700,36433,1948,3
36005027300,1225,219700,39367,1941,3
36005027401,1416,527100,83293,1955,3
36005027402,1459,477500,70852,1958,3
36005027600,,112500,60000,1939,4
36005027700,1173,343800,33484,1939,3
36005027900,1265,,59426,1953,3
36005028100,1096,29400,61404,1951,2
36005028300,843,,23911,1953,3
36005028300,843,,23911,1953,3
36005028400,,370000,98482,1939,5
36005028500,1442,,59556,1960,2
36005028600,1463,466900,74861,1945,3
36005028700,1329,467500,52342,1939,3
36005028800,1555,548700,101351,1951,3
36005028900,1199,307800,48750,1939,2
36005028900,1199,307800,48750,1939,2
36005029301,1545,393500,103555,1957,2
36005029301,1545,393500,103555,1957,2
36005029302,1951,222500,96710,1962,2
36005029302,1951,222500,96710,1962,2
36005029500,1650,326800,101875,1958,3
36005029600,1314,413500,51500,1957,2
36005029700,1556,330000,87396,1956,2
36005030000,1380,450400,59770,1955,2
36005030100,554,305800,76000,1962,2
36005030200,1050,28400,52406,1971,2
36005030701,1807,350000,84453,1960,2
36005030900,1783,385200,103709,1963,2
36005031000,1631,489700,81709,1955,3
36005031200,1479,440100,68276,1947,3
36005031400,1277,482000,82778,1951,3
36005031600,1474,540400,62692,1953,3
36005031800,1734,469000,62391,1957,3
36005031900,,,,,
36005032300,1309,247600,89004,1960,2
36005032400,567,473900,25625,1952,2
36005032600,1411,461600,57177,1947,3
36005032800,834,439800,26444,1951,3
36005033000,1050,384600,37648,1955,3
36005033201,1264,165900,44524,1953,2
36005033202,1166,166300,42650,1962,2
36005033400,1230,165500,45833,1941,2
36005033500,1438,291100,98542,1939,2
36005033600,911,151800,32523,1955,3
36005033700,1708,602100,87500,1944,3
36005033800,1205,380500,41875,1947,3
36005034000,1191,412800,35058,1942,3
36005034200,1250,430200,48690,1956,4
36005034300,1523,590800,71810,1951,3
36005034400,1719,461300,61346,1954,4
36005034500,1466,347100,57044,1958,2
36005034800,643,368600,36161,1948,3
36005035000,1543,378600,53802,1956,3
36005035100,1481,239000,74961,1953,2
36005035600,1659,404500,63984,1957,3
36005035800,1236,390200,66458,1959,3
36005035900,977,390000,25341,1987,3
36005036000,1350,417500,63403,1950,3
36005036100,561,238600,21100,1973,3
36005036300,937,,18131,1966,3
36005036400,1245,423500,63750,1944,3
36005036501,899,377100,21039,1972,3
36005036502,954,593000,22105,1972,3
36005036700,1087,425600,23615,1955,3
36005036800,1431,389000,44286,1957,3
36005036901,949,,15735,1939,3
36005036902,846,,23409,1939,3
36005037000,1583,400700,46354,1957,3
36005037100,887,354300,22477,1954,2
36005037200,1238,339300,45250,1962,3
36005037300,996,331600,32072,1940,3
36005037400,765,614600,27275,1954,3
36005037504,856,,19683,1939,3
36005037600,1448,361400,51837,1955,3
36005037800,1196,369000,34658,1946,3
36005037900,1133,279300,28051,1941,3
36005038000,1191,300600,35485,1958,3
36005038100,1175,436400,34464,1939,3
36005038200,1408,368600,44661,1952,3
36005038301,1162,,28197,1939,3
36005038302,1063,,22083,1939,3
36005038500,1047,400000,21236,1944,3
36005038600,1310,394000,54056,1953,3
36005038700,1176,357500,20469,1939,3
36005038800,1180,385000,56932,1953,3
36005038900,1211,428600,29695,1942,3
36005039000,1388,378900,32438,1956,3
36005039100,1130,312200,31238,1939,3
36005039200,1286,489600,40054,1944,3
36005039300,921,340800,21587,1952,3
36005039400,1166,357700,34517,1953,3
36005039500,1030,359600,24328,1939,3
36005039600,1273,409500,38136,1962,3
36005039700,1035,460000,21549,1939,2
36005039800,1345,373300,61484,1952,3
36005039901,1151,364100,25903,1939,3
36005039902,1141,,33229,1939,3
36005040100,1213,,29394,1939,3
36005040302,1189,,27156,1939,3
36005040303,1171,352400,40838,1939,3
36005040304,1244,,30923,1939,3
36005040400,1184,372300,45381,1939,3
36005040501,1178,438700,35436,1939,3
36005040502,1117,512100,23142,1939,3
36005040600,1212,397400,48194,1939,3
36005040701,1206,,36607,1939,3
36005040702,1090,,29946,1939,3
36005040800,1219,402000,33875,1941,3
36005040900,1043,,46447,1969,2
36005041100,1334,173500,40238,1950,3
36005041300,1208,212500,41750,1941,3
36005041400,1292,437200,53809,1944,3
36005041500,1290,,49741,1939,3
36005041800,1351,430200,37991,1939,3
36005041900,1191,407700,37355,1939,3
36005042000,1134,362700,38375,1946,2
36005042100,1090,,31265,1945,3
36005042200,1198,370500,50302,1950,3
36005042300,1177,420000,33194,1939,3
36005042400,1275,371300,62667,1950,3
36005042500,1247,573800,29368,1939,3
36005042600,1479,431600,57153,1957,3
36005042800,1336,377500,66196,1952,3
36005042901,1222,470000,41394,1939,3
36005042902,1233,,27159,1939,3
36005043000,1016,408900,69643,1947,4
36005043100,1181,,28646,1943,3
36005043400,1211,460900,41850,1939,3
36005043500,800,,,2011,3
36005043600,1329,355300,59648,1942,3
36005044200,1198,426000,38333,1941,3
36005044400,1428,379500,60571,1949,3
36005044800,1598,399300,82321,1955,3
36005044901,1249,292400,69231,1941,2
36005044902,1283,430300,66125,1942,2
36005045101,1419,395000,65781,1939,2
36005045102,1399,348400,84018,1951,2
36005045600,1398,527900,74761,1952,3
36005045800,480,,19768,1954,3
36005046000,925,420200,31766,1961,3
36005046201,937,24900,45770,1967,2
36005046202,1058,403200,35733,1968,3
36005048400,1445,379800,68750,1968,3
36005050400,967,,,1941,3
36005051600,1226,475800,80396,1946,2
36047000100,1478,739000,87192,1939,2
36047000100,1478,739000,87192,1939,2
36047000200,1327,462100,48393,1939,4
36047000301,2023,762800,112361,1939,2
36047000301,2023,762800,112361,1939,2
36047000501,1894,727700,124205,1939,2
36047000502,1998,490200,100805,1939,2
36047000700,2115,1235700,133472,1939,2
36047000700,2115,1235700,133472,1939,2
36047000900,2722,715300,124719,1954,2
36047001100,2867,1321400,114844,2010,2
36047001300,2204,433400,105938,1955,2
36047001500,2253,949000,94946,2001,2
36047001800,,,,,
36047002000,1299,564100,61635,1939,3
36047002100,3261,1368600,211071,1959,2
36047002100,3261,1368600,211071,1959,2
36047002200,1184,,42083,1956,3
36047002300,425,,18125,1953,3
36047002901,509,,21226,1946,3
36047003000,1423,630100,75208,1939,3
36047003100,1905,423000,76420,1958,2
36047003300,2266,904100,115509,1949,2
36047003400,1315,589000,69042,1939,2
36047003500,1202,1513900,61450,1939,2
36047003600,1412,370600,73958,1939,2
36047003700,2646,802200,128917,2008,2
36047003800,1479,771200,83056,1939,2
36047003900,1380,1061300,104783,1939,2
36047004100,2044,1678400,134722,1939,2
36047004300,1968,1052600,125938,1939,2
36047004400,1362,950100,87583,1939,2
36047004500,2192,1150300,136484,1939,2
36047004600,1153,978200,104167,1939,3
36047004700,1710,1137800,108750,1987,3
36047004700,1710,1137800,108750,1987,3
36047004900,1914,978400,113750,1939,2
36047005000,1681,997100,100551,1939,2
36047005100,2285,647000,90815,1939,2
36047005201,520,881100,18906,1964,2
36047005202,1672,300700,70375,1951,2
36047005300,1608,897200,80625,1939,2
36047005300,1608,897200,80625,1939,2
36047005400,1452,491000,63203,1942,2
36047005601,1439,355900,60927,1954,2
36047005602,1307,418800,64479,1954,2
36047005800,1311,824200,45086,1939,2
36047005900,1886,856500,66328,1939,2
36047006000,1429,853700,71172,1939,3
36047006200,1470,860800,57935,1939,3
36047006300,2293,865000,108287,1939,2
36047006400,1286,814900,63674,1939,2
36047006500,2138,1352000,118152,1939,2
36047006600,1384,791200,60818,1939,2
36047006700,1994,1885400,142478,1939,2
36047006800,1341,813100,41923,1939,3
36047006900,2226,1087500,128989,1939,2
36047007000,1182,505700,45291,1962,2
36047007100,589,875000,31061,1944,3
36047007200,1321,687500,36378,1939,4
36047007400,1471,842200,40451,1939,4
36047007500,2281,1181100,136168,1939,2
36047007600,1294,761800,33869,1939,4
36047007700,2166,1065700,130288,1939,2
36047007800,1358,654600,45071,1939,4
36047008000,1559,718200,57955,1939,3
36047008200,1352,618200,40808,1939,3
36047008400,1266,784400,45096,1939,3
36047008500,395,,14229,1952,2
36047008600,,,,,
36047008800,1436,290600,54828,1939,3
36047009000,1343,285700,38782,1939,4
36047009200,1243,483700,41496,1939,3
36047009400,1319,764400,42361,1941,4
36047009600,1339,609200,36903,1939,3
36047009800,1303,797500,38197,1939,5
36047010000,1202,801600,34710,1939,4
36047010100,1228,692800,58033,1939,3
36047010200,1221,834700,48397,1939,4
36047010400,1188,855100,38136,1939,4
36047010600,1147,770800,35694,1939,4
36047010800,1028,779900,32059,1939,3
36047011000,1453,653400,53269,1939,4
36047011200,1127,577800,28307,1939,3
36047011400,1159,786200,44558,1939,3
36047011600,1150,924200,32180,1939,3
36047011700,1711,981700,79779,1939,2
36047011800,1232,809400,28586,1939,4
36047011900,1626,1062500,75682,1939,2
36047012000,1291,852300,50750,1939,4
36047012100,2046,959600,96875,1939,2
36047012200,1192,843100,37089,1939,4
36047012600,1370,790700,41786,1939,3
36047012700,824,677100,54455,1963,3
36047012801,1346,832200,50625,1940,3
36047012901,2191,1009300,92143,1939,2
36047012902,2167,1393800,105625,1939,2
36047013000,1292,568000,54886,1939,3
36047013100,2051,929300,125139,1939,2
36047013200,1279,850100,55801,1939,3
36047013300,2128,980200,134306,1939,2
36047013400,1382,738700,70625,1939,3
36047013500,2330,971900,112976,1939,2
36047013600,1491,771700,65708,1939,3
36047013700,1793,1553600,102165,1939,2
36047013800,1437,815300,53370,1939,3
36047013900,2012,1160700,108750,1939,3
36047014000,1232,789900,61250,1939,3
36047014100,1787,879500,86953,1939,2
36047014200,1425,790500,61168,1939,2
36047014300,1833,872800,93603,1939,3
36047014500,1586,719700,68936,1939,3
36047014700,1727,925500,81420,1939,3
36047014800,1519,859800,56216,1939,3
36047014900,1962,929600,103427,1939,3
36047015000,1375,730700,70938,1939,3
36047015100,2203,1212900,124470,1939,3
36047015200,1469,690700,87944,1951,3
36047015300,2128,1176100,146458,1939,2
36047015400,,,,,
36047015500,2126,1176900,129464,1939,2
36047015700,2129,834500,106583,1939,2
36047015900,2122,904200,127759,1939,2
36047016000,1341,555800,59872,1939,2
36047016100,2121,1081000,111333,1939,2
36047016200,1566,582700,71042,1951,2
36047016300,1652,840000,86997,1939,2
36047016400,3028,,97679,1995,3
36047016500,2419,1106100,148831,1939,2
36047016600,1614,851600,95625,1939,3
36047016700,2036,1119900,130109,1939,3
36047016800,1382,704300,82188,1954,3
36047016900,1933,878600,91351,1939,2
36047017000,1576,826900,71250,1939,3
36047017100,2071,937100,116339,1939,3
36047017200,1339,680000,65727,1949,3
36047017400,1279,635400,91250,1950,3
36047017500,,,,,
36047017600,1150,613600,53162,1949,3
36047017700,,,,,
36047017800,1363,633000,55972,1954,3
36047017900,1028,990400,55230,1976,3
36047018000,1295,867200,69875,1939,3
36047018100,1668,910200,81178,1939,2
36047018200,1336,744500,56853,1941,3
36047018300,2030,1092900,94055,1939,2
36047018400,1375,720500,75938,1939,3
36047018501,477,800000,22893,1948,3
36047018600,1432,786700,66125,1939,3
36047018700,2042,1145800,79659,1939,2
36047018800,1396,770200,61321,1939,3
36047019000,1184,732900,42770,1939,3
36047019100,2261,1016900,82755,1939,3
36047019200,1111,767600,39464,1939,4
36047019300,1108,289000,53750,1960,2
36047019400,1267,646700,39552,1939,3
36047019500,1710,471900,78984,1939,2
36047019600,1289,809000,40634,1939,3
36047019700,1815,812500,88567,1939,2
36047019800,1435,760900,60417,1939,3
36047019900,1686,802900,79097,1939,2
36047020000,1313,719400,55972,1939,3
36047020100,2003,1132500,95441,1939,2
36047020200,1301,705600,92292,1939,3
36047020300,2021,807000,102281,1942,3
36047020400,1629,744500,69922,1939,3
36047020500,1988,994600,80496,1939,2
36047020600,1378,786900,83594,1939,3
36047020700,1789,722000,99327,1939,2
36047020800,1183,766600,52500,1939,3
36047021000,1294,753600,45586,1939,3
36047021100,1223,605000,45909,1947,2
36047021200,1270,761200,38068,1939,4
36047021300,1290,,40967,1939,2
36047021400,1321,823900,56429,1939,4
36047021500,1307,667800,64798,1939,2
36047021600,1364,1027800,37679,1939,5
36047021700,1185,945800,58289,1939,2
36047021800,1434,872300,30694,1939,4
36047021900,1340,1047700,60203,1939,2
36047022000,1557,846200,31121,1939,4
36047022100,1188,668100,43011,1939,2
36047022200,1324,732100,29931,1939,4
36047022400,1483,794800,39839,1939,4
36047022600,1311,550000,44097,1939,4
36047022700,1438,971500,72762,1939,3
36047022800,1328,668600,31875,1939,4
36047022900,1629,619700,60625,1939,2
36047023000,1327,775000,36667,1939,4
36047023100,1510,859400,70903,1939,2
36047023200,1138,788600,33628,1939,4
36047023300,834,726400,33536,1957,2
36047023400,1394,854200,26045,1951,4
36047023500,1344,638300,40032,1952,3
36047023600,1414,1012500,24886,1944,4
36047023800,1418,990000,27871,1939,3
36047024000,1325,804300,29844,1943,3
36047024100,1812,567800,58438,1945,2
36047024200,1409,852200,52750,1939,4
36047024300,1075,921600,53702,1939,2
36047024400,1387,846600,48188,1939,4
36047024500,1190,695400,57738,1939,3
36047024600,1293,750000,46523,1939,3
36047024700,1279,1027800,45394,1939,2
36047024800,1253,726000,52083,1939,3
36047024900,1379,1018300,56786,1939,2
36047025000,1098,665700,47000,1942,3
36047025100,886,705200,34894,1939,2
36047025200,1255,635800,42367,1939,3
36047025300,1488,796600,47935,1939,2
36047025400,1128,608900,46016,1939,4
36047025500,520,,21653,1950,3
36047025600,1329,753500,47386,1939,3
36047025700,1374,653000,55536,1971,3
36047025800,1232,818100,37008,1939,3
36047025901,1382,687500,46528,1939,3
36047025902,350,,16406,1960,3
36047026000,1340,712600,51719,1939,3
36047026100,1444,590300,45228,1958,2
36047026200,1199,693700,57879,1939,3
36047026300,1116,659400,39150,1939,2
36047026400,1178,683500,44262,1939,3
36047026500,1145,606100,52295,1939,2
36047026600,1323,781300,49068,1939,3
36047026700,1211,836400,43068,1939,2
36047026800,1334,826200,55553,1939,3
36047026900,1270,997500,48990,1939,2
36047027000,1263,754900,51786,1939,3
36047027100,1350,670600,41726,1939,2
36047027200,1255,773900,50833,1939,3
36047027300,956,653100,37917,1939,2
36047027400,1288,723100,44602,1939,3
36047027500,1538,692800,60875,1939,3
36047027600,1238,752700,51940,1939,3
36047027700,1207,647600,40269,1939,3
36047027800,1350,678100,51739,1953,3
36047027900,1146,730400,58690,1939,3
36047028000,1195,595100,58657,1947,3
36047028100,753,491700,27101,1963,3
36047028200,1413,598800,58750,1954,3
36047028300,891,544100,33351,1961,3
36047028400,1204,753500,55743,1939,3
36047028501,2111,,92308,1939,4
36047028502,435,,16727,1955,2
36047028600,1257,603700,41658,1947,2
36047028700,670,638900,29101,1939,2
36047028800,1232,637700,48857,1939,3
36047028900,1016,645600,43030,1939,3
36047029000,1228,637400,52163,1939,3
36047029100,1244,676400,42886,1939,3
36047029200,1216,705500,45869,1939,3
36047029300,942,1017000,34327,1939,3
36047029400,1229,808700,54706,1950,3
36047029500,1367,828100,53523,1939,2
36047029600,1313,555800,52857,1944,3
36047029700,1509,894900,52594,1939,3
36047029800,1281,768200,50735,1939,3
36047029900,1244,536100,27321,1984,3
36047030000,1234,683100,45987,1952,3
36047030100,1285,605500,52756,1939,3
36047030200,1230,662400,60000,1952,3
36047030300,1092,508500,26953,1962,3
36047030400,1080,669300,39235,1960,3
36047030500,1651,468600,72439,1939,2
36047030600,1158,626600,46055,1961,3
36047030700,583,498600,20755,1950,2
36047030800,933,485000,45750,1965,3
36047030900,1028,517500,33083,1958,3
36047031100,1165,619600,46953,1939,3
36047031300,999,1001200,41527,1939,2
36047031400,959,382500,56556,1963,2
36047031500,1169,829100,57230,1939,2
36047031701,1253,1054100,52019,1939,2
36047031702,1457,662200,62672,1939,3
36047031900,1132,612800,48375,1954,3
36047032100,1315,644000,42025,1939,3
36047032300,1281,675000,63882,1939,3
36047032500,1276,,47559,1956,3
36047032600,716,424100,24205,1970,3
36047032700,1147,803000,44618,1939,2
36047032800,854,380500,54056,1976,3
36047032900,1265,617900,44559,1939,3
36047033000,538,333300,23438,1967,3
36047033100,1221,927700,37405,1939,3
36047033300,1274,752200,42972,1939,4
36047033500,1313,810300,52833,1939,3
36047033600,1427,515300,71806,1939,3
36047033700,1300,698100,54719,1939,3
36047033900,1021,701800,36570,1939,3
36047034000,466,,20833,1957,2
36047034100,1302,585500,50370,1939,2
36047034200,439,,17802,1973,2
36047034300,684,815300,24834,1951,2
36047034500,1236,595700,27127,1939,3
36047034700,964,613300,36641,1939,2
36047034800,1532,567000,56975,1973,4
36047034900,1226,328100,30463,1939,3
36047035000,1043,,34526,1963,2
36047035100,1065,691500,32407,1939,3
36047035200,286,,11444,1965,1
36047035300,1157,642000,39572,1939,2
36047035400,786,290500,50333,1965,2
36047035500,1257,560800,47239,1939,3
36047035601,898,,44395,1964,2
36047035602,1183,300600,35800,1965,2
36047035700,1082,580900,23092,1939,3
36047035900,1138,363000,30838,1939,2
36047036001,975,428600,19696,1949,2
36047036002,1065,165600,17143,1939,2
36047036100,1009,569400,27220,1949,2
36047036200,1149,489700,29608,1939,3
36047036300,1088,573400,28556,1975,2
36047036400,1291,524700,35313,1939,3
36047036501,938,469400,40845,1963,2
36047036502,1022,631100,33750,1941,3
36047036600,1256,400000,39808,1949,3
36047036700,1206,395000,41969,1939,3
36047036900,1138,505700,40612,1955,3
36047037000,1263,556200,61188,1950,3
36047037100,1308,493400,50504,1939,3
36047037300,1193,573300,29648,1939,3
36047037401,1260,499300,46083,1957,2
36047037402,1128,493800,31779,1951,2
36047037500,1406,589300,44231,1939,3
36047037700,1332,695300,40611,1939,3
36047037900,1180,507500,37020,1941,3
36047038100,663,805500,27260,1939,3
36047038200,505,1082400,18601,1956,3
36047038300,1394,586600,65746,1939,3
36047038500,1195,611700,47793,1939,3
36047038600,1234,603300,45556,1939,3
36047038700,1213,472600,40469,1939,3
36047038800,1285,578300,62463,1953,3
36047038900,1399,295600,48615,1957,3
36047039000,1336,552400,52250,1949,3
36047039100,1202,359100,36957,2000,3
36047039200,1446,713400,40724,1945,3
36047039300,1278,543400,50250,1939,3
36047039400,1405,908900,52841,1939,3
36047039500,1238,648900,42787,1939,3
36047039600,1291,924100,46042,1945,3
36047039700,1323,563900,36387,1939,3
36047039800,1284,615200,53417,1939,3
36047039900,1196,619200,35242,1939,3
36047040000,1286,629700,48750,1939,3
36047040100,1297,648100,44857,1939,3
36047040200,1206,684700,43828,1939,3
36047040300,1421,708300,26822,1939,3
36047040400,1187,691900,52328,1939,3
36047040500,1366,446200,51964,1939,3
36047040600,1249,783600,36719,1939,3
36047040700,,,,,
36047040700,,,,,
36047040800,1287,614100,56761,1939,3
36047040900,1404,457400,43981,1939,3
36047040900,1404,457400,43981,1939,3
36047041000,1172,625800,41786,1939,3
36047041100,1066,398100,35391,1953,3
36047041200,1196,656400,52083,1939,3
36047041300,1285,499100,39727,1939,3
36047041401,1390,493500,58750,1951,3
36047041402,1183,,38375,1939,3
36047041500,1426,617000,53442,1939,3
36047041600,1302,697500,44426,1939,4
36047041700,852,600900,27705,1970,3
36047041800,1247,782300,33542,1939,4
36047041900,1250,493100,39504,1971,3
36047042000,1440,927100,46500,1939,3
36047042100,1297,597300,39483,1939,3
36047042200,1444,791200,67500,1939,3
36047042300,1412,483800,47273,1939,3
36047042400,1195,635700,48750,1939,3
36047042500,1439,397100,49521,1964,3
36047042600,1169,603900,46316,1939,3
36047042700,1384,704200,47703,1939,3
36047042800,1280,589200,54306,1939,3
36047042900,1340,368500,44493,1939,3
36047043000,1244,543000,37350,1939,3
36047043100,1381,599100,50441,1939,3
36047043200,1195,603100,47734,1939,3
36047043300,1118,718800,37632,1939,3
36047043400,1189,602300,50347,1939,3
36047043500,1428,455400,40368,1939,4
36047043600,1193,897000,53723,1939,3
36047043700,1395,544600,44058,1939,3
36047043800,1349,765400,46250,1939,3
36047043900,1312,531500,38021,1939,3
36047043900,1312,531500,38021,1939,3
36047044000,1449,872800,51591,1942,3
36047044100,1289,523000,52676,1939,3
36047044100,1289,523000,52676,1939,3
36047044200,1421,950500,68095,1953,3
36047044300,1408,525600,58412,1939,3
36047044300,1408,525600,58412,1939,3
36047044400,1225,604200,47583,1949,3
36047044500,1350,545300,47255,1939,3
36047044500,1350,545300,47255,1939,3
36047044600,1273,760200,50844,1945,3
36047044700,1424,610600,50236,1939,3
36047044700,1424,610600,50236,1939,3
36047044800,1276,462100,55750,1955,3
36047044900,758,784500,28750,1954,3
36047044900,758,784500,28750,1954,3
36047045000,1773,856300,45938,1943,4
36047045200,1543,818200,73906,1946,3
36047045300,1716,,62632,1939,2
36047045400,1208,715600,42198,1939,3
36047045600,1290,1234000,36786,1939,3
36047045800,1170,958300,68125,1946,3
36047046000,1252,662500,45901,1940,3
36047046201,1033,424000,33224,1962,2
36047046202,1527,894700,50913,1939,4
36047046400,1489,847500,52768,1941,4
36047046800,1710,718500,42000,1956,4
36047047000,1355,895800,48611,1951,4
36047047200,1564,727100,54263,1939,4
36047047400,1384,901000,52599,1943,4
36047047600,1185,761400,34943,1939,4
36047047700,2342,709800,87596,1964,2
36047047800,1306,798600,33144,1939,4
36047048000,1336,715300,30813,1947,4
36047048100,1758,614100,73799,1954,2
36047048200,1212,545100,36270,1954,3
36047048400,1581,545000,35426,1945,4
36047048500,2169,541700,95921,1956,3
36047048600,1302,668500,45045,1939,4
36047048800,1196,351300,52266,1941,3
36047048900,420,,18529,1959,2
36047049000,1448,410000,52319,1952,3
36047049100,904,,32490,1966,2
36047049200,1216,564100,46274,1945,3
36047049300,671,605300,31270,1946,2
36047049400,1374,397800,53000,1939,3
36047049500,1652,779900,87135,1939,2
36047049600,1612,746400,64653,1939,3
36047049700,1856,736500,72344,1939,2
36047049800,1443,661400,71538,1943,3
36047049900,1700,721600,71042,1939,2
36047050000,1640,568100,76290,1941,2
36047050100,1708,912800,79219,1939,2
36047050202,1681,711500,95284,1939,2
36047050300,1882,569800,79453,1939,2
36047050400,1456,485400,82935,1943,2
36047050500,958,528100,30893,1958,2
36047050600,1476,684700,47993,1939,3
36047050700,1265,576600,31844,1997,5
36047050801,1266,366700,45455,1939,3
36047050803,1215,383300,41463,1939,2
36047050804,1179,380600,50265,1939,3
36047050900,1250,639900,31650,2002,7
36047051001,1251,,49896,1939,3
36047051002,1239,1030400,50484,1939,3
36047051100,981,461100,33953,1965,2
36047051200,1290,602100,40180,1939,2
36047051300,1928,725500,67852,1954,2
36047051400,1357,292700,45453,1939,3
36047051500,2465,855900,112450,2000,2
36047051601,1293,,42220,1939,3
36047051602,1289,,49321,1939,3
36047051700,2334,1013900,93188,1952,2
36047051800,1382,634900,60598,1939,2
36047051900,2433,956600,92174,1939,2
36047052000,1291,692200,55932,1939,3
36047052300,1214,,42325,1944,2
36047052500,805,,27083,1961,3
36047052600,1481,701500,59646,1939,3
36047052700,1191,638400,38968,1939,3
36047052800,1370,945400,96250,1939,3
36047052900,1037,596200,31493,1939,4
36047053000,1301,697400,40959,1939,3
36047053100,1676,686400,34432,1997,5
36047053200,1248,515600,62083,1944,3
36047053300,1123,711600,21796,1939,4
36047053400,1214,615200,25833,1939,3
36047053500,1090,625000,21286,1939,4
36047053700,1280,673200,28550,1982,5
36047053800,1330,584700,31181,1944,2
36047053900,1024,569100,19803,1974,3
36047054200,1358,641500,47310,1946,3
36047054300,2583,,119250,1939,2
36047054400,1233,541700,45333,1939,3
36047054500,440,453900,18129,1971,3
36047054600,1252,651800,37625,1943,2
36047054700,1439,883100,41420,1990,3
36047054800,1269,779300,60761,1939,3
36047054900,2376,1104200,90625,1972,2
36047055000,1235,568200,56023,1939,3
36047055100,1329,1148200,72601,1939,3
36047055200,1206,422200,40152,1944,2
36047055300,2082,752900,96806,1939,2
36047055400,1318,407800,51463,1945,3
36047055500,2304,1045100,125203,2004,2
36047055500,2304,1045100,125203,2004,2
36047055600,1323,615900,56250,1949,3
36047055700,2070,951900,87292,1965,2
36047055800,1134,677600,45195,1939,3
36047056000,1369,573800,56450,1939,3
36047056100,1720,745500,78071,1939,2
36047056200,2200,683000,64625,1939,3
36047056300,1680,728200,66310,1939,2
36047056300,1680,728200,66310,1939,2
36047056400,1529,479000,85625,1946,3
36047056500,1797,921100,90682,1939,2
36047056500,1797,921100,90682,1939,2
36047056600,1378,562800,60772,1950,3
36047056800,1366,559700,81250,1939,3
36047056900,1834,819400,81375,1939,2
36047057000,1170,184100,61369,1955,2
36047057100,1796,604300,57269,1939,2
36047057200,390,,18774,1953,2
36047057300,2021,682800,76875,1939,2
36047057400,1135,531300,90938,1939,3
36047057500,1878,822500,74193,1939,2
36047057600,1416,631900,67232,1942,3
36047057800,1264,656600,40962,1941,3
36047057900,1481,575000,60833,1939,2
36047058000,1292,733400,36890,1946,3
36047058200,1362,771300,40592,1939,3
36047058400,1305,537900,56343,1959,2
36047058600,1195,599700,60781,1942,3
36047058800,1261,456600,68438,1961,3
36047058900,1799,775400,81202,1939,2
36047059000,1310,629500,55104,1944,3
36047059100,1846,617400,88222,1939,2
36047059200,1142,513100,55485,1947,3
36047059300,1570,632100,66020,1939,2
36047059401,1217,649500,51007,1939,3
36047059402,1177,566900,69926,1949,3
36047059600,782,157500,60278,1954,2
36047059800,1332,374300,70703,1961,3
36047060000,1324,390000,53359,1957,2
36047060600,1290,256400,43452,1957,2
36047060800,1422,447500,41310,1966,2
36047061002,1244,694700,63854,1970,2
36047061003,1292,667700,42279,1939,4
36047061004,991,541700,23185,1941,2
36047061200,1348,848300,66094,1945,3
36047061600,1396,996900,70667,1945,2
36047062000,1560,1183800,116016,1939,3
36047062200,1691,450400,62344,1964,2
36047062600,983,323800,39831,1955,3
36047062800,1411,399100,71265,1939,3
36047063200,1325,326700,75417,1956,3
36047063600,1375,564700,94063,1939,3
36047063800,1389,562300,81667,1939,3
36047064000,1094,627200,112765,1939,3
36047064200,1264,817200,60682,1939,3
36047064400,1307,628400,86979,1939,3
36047064600,1494,525000,94271,1939,3
36047064800,1495,549000,72143,1939,3
36047065000,1475,491000,53600,1949,3
36047065200,1048,579900,86250,1939,2
36047065400,1500,532900,95400,1939,3
36047065600,1211,440500,81827,1939,3
36047065800,1162,512400,78882,1939,3
36047066000,1472,531600,97935,1939,3
36047066200,1295,486000,76016,1952,3
36047066600,,,,,
36047067000,1569,456000,76250,1958,3
36047067200,1329,433300,68090,1940,4
36047067400,1614,447800,71652,1939,3
36047067600,1792,444900,82872,1947,3
36047067800,1573,469800,85234,1960,3
36047068000,1395,401800,70938,1942,4
36047068200,1382,466500,92632,1950,4
36047068600,1323,403300,51694,1955,2
36047068800,1178,436400,88125,1942,3
36047069000,1631,414000,79139,1940,3
36047069200,1622,446900,101250,1954,4
36047069601,1478,590100,55762,1973,3
36047069602,1359,567500,86362,1979,3
36047069800,1520,454100,77500,1940,3
36047070000,1480,570100,55380,1963,3
36047070201,1408,722100,72750,1964,3
36047070202,,,,,4
36047070203,,,,,
36047070203,,,,,
36047070600,2142,650200,88837,1967,3
36047072000,1619,550500,64659,1959,3
36047072200,1318,492000,65305,1954,3
36047072400,1429,477000,76500,1954,3
36047072600,1274,442600,82024,1939,3
36047072800,1237,299000,61481,1957,3
36047073000,1619,484700,89219,1947,3
36047073200,1186,456600,73580,1939,3
36047073400,1610,455100,83542,1939,3
36047073600,1122,463400,60353,1939,3
36047073800,1179,481800,53571,1939,3
36047074000,1159,479800,58646,1939,4
36047074200,1204,506300,77870,1939,4
36047074400,1219,597100,103611,1939,4
36047074600,1500,618400,85186,1939,3
36047074800,1462,748900,72250,1952,3
36047075000,1289,674200,52731,1939,3
36047075200,1875,969400,125750,1939,3
36047075400,3097,880300,117885,1939,3
36047075600,1093,682000,83026,1942,3
36047075800,1087,848600,84318,1942,3
36047076000,1131,868200,42955,1939,3
36047076200,1243,828300,44250,1939,3
36047076400,1230,733900,54636,1945,3
36047076600,1388,810500,59653,1948,3
36047076800,1295,641600,42500,1939,3
36047077000,1406,559700,48611,1939,3
36047077200,1286,550800,60518,1939,3
36047077400,1291,530500,57022,1940,3
36047077600,1256,270400,57000,1957,2
36047078000,1402,422200,84159,1939,3
36047078200,1139,430300,56618,1948,3
36047078400,1428,490800,79000,1939,3
36047078600,1197,396900,45114,1939,3
36047078800,1105,485500,33301,1941,3
36047079000,1234,587300,41443,1939,3
36047079200,1106,471700,36982,1939,3
36047079400,1231,350800,36237,1939,3
36047079601,1250,867900,53289,1939,2
36047079602,1197,299200,40000,1939,3
36047079801,1271,850000,71272,1939,2
36047079802,1288,,60696,1939,3
36047080000,1315,946800,67981,1939,3
36047080200,1208,603800,45030,1939,3
36047080400,1219,486400,32899,1939,2
36047080600,1372,435600,39536,1939,3
36047080800,251,,9740,2006,1
36047081000,1257,489100,43229,1939,3
36047081400,1310,453400,40705,1939,3
36047081600,1277,451700,41071,1939,3
36047081800,1200,167600,47378,1939,3
36047082000,1211,400000,36921,1939,3
36047082200,1205,503800,41118,1939,3
36047082400,1300,432100,43155,1939,3
36047082600,1157,389300,44063,1939,3
36047082800,1173,391700,49632,1939,3
36047083000,1238,440700,50606,1939,3
36047083200,1369,384800,63708,1939,3
36047083400,1181,376000,56726,1942,3
36047083600,1348,435500,67454,1939,3
36047083800,1277,413300,53438,1939,3
36047084000,1178,407600,51534,1941,3
36047084600,1254,400400,53594,1944,3
36047084800,1215,432100,54120,1946,3
36047085000,1644,409100,70208,1939,3
36047085200,,,,,
36047085400,1213,435800,47763,1939,3
36047085600,1194,433200,49657,1943,2
36047085800,1261,377300,52344,1939,3
36047086000,1170,423900,51333,1939,3
36047086200,1146,438800,48750,1939,3
36047086400,1168,448100,41538,1939,3
36047086600,1197,408100,45451,1939,2
36047086800,1268,538000,57850,1939,3
36047087000,1244,427700,35938,1939,3
36047087200,1365,386500,40965,1940,2
36047087401,1037,365800,29656,1946,2
36047087600,944,361800,31712,1946,2
36047087800,1190,406300,36693,1939,2
36047088000,1101,434800,50302,1946,2
36047088200,1244,405400,48043,1939,3
36047088400,1262,513400,43099,1939,3
36047088600,1185,449600,37359,1939,2
36047088800,1208,597200,45131,1941,3
36047089000,1177,442900,29082,1939,2
36047089200,1136,,20528,1939,2
36047089400,1303,458300,41269,1939,3
36047089600,1153,467100,37168,1939,2
36047089800,1321,417700,40000,1950,3
36047090000,849,495500,25049,1951,3
36047090200,527,368900,41250,1976,3
36047090600,446,,14500,1959,3
36047090800,422,,12052,1962,2
36047091000,394,,11014,1955,2
36047091200,522,,21747,1953,3
36047091600,925,425000,32610,1967,3
36047091800,713,340000,30326,1978,3
36047092000,1088,352800,39570,1982,3
36047092200,1099,293800,39934,1958,2
36047092400,1023,353000,36500,1983,3
36047092800,1307,435300,51306,1950,3
36047093000,1217,456500,58914,1950,3
36047093200,1146,446400,86563,1945,3
36047093400,1074,420000,48941,1949,2
36047093600,1275,421500,72813,1940,3
36047093800,1209,445000,38631,1939,3
36047094401,1348,480100,71591,1954,3
36047094402,430,,17000,1950,2
36047094600,1196,428300,58026,1944,3
36047095000,1415,577200,73472,1964,3
36047095400,1457,521700,65500,1963,3
36047095600,1705,548500,63456,1963,4
36047095800,1423,465200,62671,1964,3
36047096000,,,,,
36047096200,1571,520000,70298,1960,4
36047096400,1366,467800,58542,1961,3
36047096600,1376,505700,63472,1961,3
36047096800,1436,451800,62308,1941,4
36047097000,1377,539400,76094,1959,3
36047097400,1439,467400,60417,1961,3
36047098200,531,,23279,1957,3
36047098400,1607,431600,67961,1963,3
36047098600,1370,453300,66845,1961,3
36047098800,1317,462600,65921,1959,3
36047099000,1498,466200,88824,1949,4
36047099200,1588,422900,67411,1962,3
36047099400,1606,536500,65489,1966,3
36047099600,1429,500000,69444,1963,3
36047099800,1504,557800,71829,1965,3
36047100400,1550,515400,68700,1963,3
36047100600,1640,472000,78304,1961,3
36047100800,1317,442900,62794,1960,3
36047101000,1605,575300,59386,1959,3
36047101200,1326,433500,54375,1958,3
36047101400,1257,442100,60625,1960,3
36047101600,1196,487800,98821,1964,3
36047101800,1351,452700,71650,1966,2
36047102000,1600,488500,96000,1959,4
36047102200,1304,445000,63000,1961,3
36047102400,1556,445300,83641,1960,3
36047102600,1394,530300,72589,1963,3
36047102800,1489,540400,73000,1965,3
36047103400,439,,23133,1957,2
36047105801,718,,20305,1974,2
36047105804,597,429300,28663,1975,2
36047107000,1133,333700,80663,2010,2
36047107000,1133,333700,80663,2010,2
36047107800,1189,288600,63563,1965,2
36047109800,1541,476500,46701,1951,3
36047110400,972,378900,45278,1951,3
36047110600,430,,22321,1954,3
36047111000,346,,16449,1953,2
36047111600,1553,486200,37917,1971,3
36047111800,1286,433900,35313,1963,3
36047112000,1403,467700,25669,1952,3
36047112200,1288,504300,29699,1944,3
36047112400,1222,517100,44489,1939,3
36047112600,1178,384000,41097,1953,3
36047112800,1240,417900,38987,1939,3
36047113000,1131,391800,28164,1965,3
36047113200,1341,353000,50952,1981,3
36047113400,527,554300,19191,1973,3
36047114201,1190,447200,36272,1939,4
36047114201,1190,447200,36272,1939,4
36047114202,1164,398000,49662,1939,3
36047114202,1164,398000,49662,1939,3
36047114400,1014,460000,21824,1955,3
36047114600,1291,456900,42308,1939,3
36047115000,1277,474600,40227,1962,3
36047115200,1155,438600,36176,1967,3
36047115600,512,560600,15433,1972,3
36047115800,1149,444000,47230,1945,3
36047116000,780,342400,28750,1981,2
36047116200,1315,355500,43359,1966,3
36047116400,1147,357200,50060,1964,3
36047116600,1293,427500,39821,1939,3
36047116800,1127,395200,36750,1939,3
36047117000,1377,355000,36813,1939,4
36047117201,1354,466900,55594,1939,3
36047117202,1336,425900,51157,1939,3
36047117400,1523,401300,51891,1939,4
36047117601,1335,408700,46389,1939,4
36047117602,1142,437800,40020,1939,3
36047117800,1324,400000,45536,1939,3
36047118000,,,,,
36047118000,,,,,
36047118201,1144,475800,45147,1939,3
36047118202,1389,382600,50962,1939,3
36047118202,1389,382600,50962,1939,3
36047118400,1403,411200,51019,1939,4
36047118400,1403,411200,51019,1939,4
36047118600,1299,404100,41711,1953,3
36047118600,1299,404100,41711,1953,3
36047118800,1216,482400,39773,1939,3
36047118800,1216,482400,39773,1939,3
36047119000,1382,444400,31563,1939,4
36047119200,1284,458700,43713,1949,3
36047119400,1260,396000,31170,1947,3
36047119600,1112,419900,30905,1939,3
36047119800,1448,494600,27596,1949,3
36047120000,1191,390300,32500,1947,3
36047120200,1439,407100,39485,1945,4
36047120200,1439,407100,39485,1945,4
36047120800,1136,440700,36197,1963,3
36047120800,1136,440700,36197,1963,3
36047121000,533,,18777,1955,3
36047121400,498,,21285,1956,3
36047122000,1240,572000,44930,2000,3
36047122000,1240,572000,44930,2000,3
36047123700,1549,644000,30528,2001,5
36047150200,1830,885200,105188,1939,3
36047152200,1532,1146400,85147,1939,3
36061000201,628,,21102,1956,3
36061000201,628,,21102,1956,3
36061000202,720,544200,32411,1950,2
36061000202,720,544200,32411,1950,2
36061000500,,,,,
36061000500,,,,,
36061000600,652,596500,18641,1960,3
36061000600,652,596500,18641,1960,3
36061000700,2941,1370900,120291,1939,2
36061000700,2941,1370900,120291,1939,2
36061000800,977,545500,31129,1939,3
36061000800,977,545500,31129,1939,3
36061000900,3501,1070700,158125,1982,2
36061000900,3501,1070700,158125,1982,2
36061001001,1238,562700,75192,1955,2
36061001001,1238,562700,75192,1955,2
36061001002,400,,16464,1955,2
36061001002,400,,16464,1955,2
36061001200,914,546100,51474,1952,2
36061001300,2853,939800,124313,1939,2
36061001401,,657300,75556,1962,2
36061001402,1014,592600,26971,1952,2
36061001501,2379,554600,85426,1970,2
36061001501,2379,554600,85426,1970,2
36061001502,3120,1027800,145387,1973,2
36061001600,1056,,42986,1940,2
36061001800,1318,1064300,61750,1939,2
36061002000,398,,15490,1949,2
36061002000,398,,15490,1949,2
36061002100,3501,2000001,250001,1984,2
36061002201,956,,33700,1965,2
36061002202,1942,635400,88099,1961,2
36061002400,526,,18354,1952,2
36061002400,526,,18354,1952,2
36061002500,394,,16324,1955,3
36061002500,394,,16324,1955,3
36061002601,923,392600,56420,1963,2
36061002602,1241,661000,73056,1939,2
36061002700,1027,602200,56422,1961,2
36061002800,965,457600,35440,1966,2
36061002900,939,,30434,1939,2
36061003001,2056,584800,71591,1939,2
36061003002,1241,606500,52479,1944,2
36061003100,2826,1418900,185833,1998,2
36061003200,1762,654800,66835,1939,2
36061003300,3117,2000001,207460,1939,2
36061003400,2047,711500,77254,1939,2
36061003601,1262,435500,48990,1966,2
36061003602,1585,447800,77778,1939,2
36061003700,2304,1484000,145000,1952,2
36061003800,1756,852300,60450,1939,2
36061003900,1847,2000001,158646,1971,2
36061004000,2187,624400,87276,1939,2
36061004100,1405,897600,76522,1939,2
36061004200,2442,1153500,142500,1960,2
36061004300,2185,704400,69363,1939,2
36061004400,1870,,94000,1946,2
36061004400,1870,,94000,1946,2
36061004500,1161,2000001,140813,1939,2
36061004700,2154,2000001,120319,1939,2
36061004800,1802,770100,112500,1956,2
36061004900,2038,2000001,102161,1939,2
36061005000,2686,894100,126036,1955,2
36061005200,2660,1686200,170865,1945,2
36061005400,2624,885000,129735,1960,2
36061005501,2100,1006600,151234,1960,2
36061005502,2349,1601900,112768,1939,2
36061005600,1705,1256600,121507,1939,2
36061005700,3501,1224300,138798,1966,2
36061005800,3059,2000001,175625,2002,2
36061005900,2081,1134800,113984,1950,2
36061006000,2476,,109167,1946,2
36061006000,2476,,109167,1946,2
36061006100,2688,1043500,115602,1939,2
36061006200,2438,,102866,1975,2
36061006200,2438,,102866,1975,2
36061006200,2438,,102866,1975,2
36061006300,2243,1144700,120244,1939,2
36061006400,2361,601100,107043,1964,2
36061006500,2258,937500,101772,1939,2
36061006600,1379,567700,67612,1968,2
36061006700,2341,907500,93063,1939,2
36061006800,2273,696500,123388,1953,2
36061006900,3479,1168600,209167,1939,2
36061007000,2499,806200,98036,1966,2
36061007100,2117,890700,127904,1939,2
36061007200,2348,591300,102045,1964,2
36061007300,2023,747200,96641,1939,2
36061007400,2838,783500,121217,1939,1
36061007500,2483,1113600,126957,1939,2
36061007600,2656,1416700,102153,1939,2
36061007700,2227,987700,122008,1939,2
36061007800,2463,686000,108306,1967,2
36061007900,1829,1501300,90735,1939,2
36061008000,2413,744900,111802,1951,2
36061008100,1719,1115100,123649,1939,2
36061008200,2852,824300,120933,1953,2
36061008300,938,673100,68725,1960,2
36061008400,3216,902800,105000,1983,2
36061008601,3391,921700,149907,1984,2
36061008601,3391,921700,149907,1984,2
36061008602,,,,,
36061008603,2628,1007200,144963,1955,2
36061008700,2341,2000001,127184,1946,2
36061008800,2139,534100,92300,1939,2
36061008900,1757,1204900,96429,1939,2
36061009000,2304,635200,130232,1966,2
36061009100,1938,1230500,104330,1939,2
36061009200,2601,660300,120769,1939,2
36061009300,1834,531300,74828,1939,2
36061009400,3088,,199167,1948,2
36061009500,2231,1109600,157339,1939,2
36061009600,2371,,136406,1981,1
36061009700,972,94500,42599,1961,2
36061009800,2366,826500,127573,1962,2
36061009900,2942,1558800,130266,2007,2
36061010000,2372,742200,91827,1953,1
36061010100,3501,,146198,2008,1
36061010200,2972,875000,165083,1976,2
36061010300,2523,421100,88929,1968,2
36061010400,2375,1206700,112500,1950,2
36061010601,2694,987700,123304,1959,2
36061010602,2585,677800,123320,1966,2
36061010800,2248,715000,124740,1964,2
36061010900,3020,,,1939,2
36061011000,2140,876100,106872,1960,2
36061011100,2373,646700,111500,1994,2
36061011201,2484,2000001,132788,1949,2
36061011202,2778,1875000,187500,1975,2
36061011203,2778,706100,116250,1969,2
36061011300,2750,954500,90938,2002,1
36061011401,2135,2000001,180607,1943,2
36061011402,2112,1133900,150947,1950,2
36061011500,2407,1085500,95425,2003,2
36061011600,1514,568200,73931,1956,2
36061011700,2816,,119927,2004,2
36061011800,2437,1250000,133594,1960,2
36061011900,535,,12903,1939,1
36061012000,2220,1630200,163417,1958,2
36061012100,1476,664700,64303,1962,2
36061012200,2376,2000001,151346,1939,2
36061012400,2233,906500,111441,1967,2
36061012500,3413,1213700,152569,1994,2
36061012600,1896,765300,116105,1960,2
36061012700,1914,774000,71772,1939,2
36061012800,2014,2000001,161619,1949,2
36061012900,2417,885900,110592,1994,2
36061013000,1736,2000001,191607,1939,2
36061013100,2642,813600,92563,1961,2
36061013200,1924,645700,85828,1957,2
36061013300,2177,1071400,84018,1956,2
36061013400,1872,708600,102165,1962,2
36061013500,1347,,72316,2001,2
36061013600,2203,918600,101554,1963,2
36061013700,2848,1266700,132205,1954,2
36061013800,2146,702200,122090,1956,2
36061013900,2063,786100,98608,1949,1
36061014000,2356,1596200,124544,1939,2
36061014200,2390,2000001,235083,1939,2
36061014300,,,,,
36061014401,2249,826600,105469,1954,2
36061014402,2159,1033000,123438,1961,2
36061014500,3397,1057900,154005,1988,2
36061014601,2254,1588700,115288,1964,2
36061014602,2093,631500,91905,1964,2
36061014700,3288,1625000,169963,2002,2
36061014801,2313,1744700,162857,1967,2
36061014802,2308,2000001,125714,1939,2
36061014900,2968,1810100,152335,1971,2
36061015001,2125,1762500,142679,1939,2
36061015002,2494,2000001,162984,1947,2
36061015100,1095,,52823,1992,2
36061015200,1172,814800,73417,1967,2
36061015200,1172,814800,73417,1967,2
36061015300,2605,1077500,152320,1958,2
36061015400,1910,581800,82026,1972,2
36061015500,2754,700700,106056,1968,2
36061015601,2130,,87617,1981,2
36061015602,963,995300,54458,1967,2
36061015700,2072,808100,135651,1939,2
36061015801,2404,1101900,143065,1939,2
36061015802,2391,,95875,1988,2
36061015900,2122,988300,108184,1939,2
36061016001,2565,2000001,233529,1939,2
36061016002,1665,1233300,87750,1939,2
36061016100,2310,2000001,122074,1939,2
36061016200,788,186500,27218,1970,2
36061016200,788,186500,27218,1970,2
36061016300,2077,1222400,111616,1939,2
36061016400,875,,32347,1970,3
36061016500,1912,1043000,129279,1939,2
36061016600,1056,342400,37227,1940,2
36061016700,2149,1316500,131733,1939,2
36061016800,632,2000001,31944,1955,2
36061016900,2050,972500,102030,1939,2
36061017000,1063,,30213,1962,2
36061017100,1835,1731900,112488,1939,2
36061017200,1057,1022700,39295,1968,2
36061017300,1760,1045800,125108,1939,2
36061017401,855,783700,20288,1962,2
36061017402,1422,562500,31705,1976,3
36061017500,2079,1084300,131770,1939,2
36061017700,1087,945600,79926,1960,2
36061017800,1116,849000,42105,1939,2
36061017900,1527,933800,81474,1939,2
36061018000,815,598800,33090,1955,3
36061018100,1167,1122800,73194,1962,2
36061018200,566,,19333,1949,3
36061018300,1998,937500,121344,1939,2
36061018400,634,515600,25231,1964,2
36061018500,2010,875000,113018,1965,2
36061018600,570,,30340,1956,3
36061018700,1763,1220200,113821,1939,2
36061018800,1014,380600,32690,1966,2
36061018900,780,1506900,28327,1950,2
36061019000,789,531300,60509,1991,2
36061019100,1668,874400,79833,1939,2
36061019200,419,,16278,1955,3
36061019200,419,,16278,1955,3
36061019300,1351,547100,35732,1939,2
36061019400,627,357100,21735,1958,3
36061019500,2144,1007200,120917,1939,2
36061019600,575,,20694,1977,2
36061019701,3501,,68092,2005,2
36061019702,1228,648200,51740,1964,2
36061019800,1304,467000,75945,1993,2
36061019900,1711,908200,79183,1939,2
36061020000,1364,1050300,65956,1939,3
36061020101,1869,1146600,84327,1939,2
36061020102,1213,1160000,64375,1942,2
36061020300,1467,892900,37833,1939,2
36061020500,1968,1075500,114265,1939,2
36061020600,1002,,35795,1939,2
36061020701,1807,533300,70391,1939,2
36061020800,1094,1001800,55370,1942,3
36061020901,805,,22212,1956,2
36061021000,928,,29932,1949,2
36061021000,928,,29932,1949,2
36061021100,1119,492300,47019,1952,2
36061021200,1503,326700,54007,1959,2
36061021303,1234,,36759,1939,3
36061021400,1164,,51538,1959,2
36061021500,1097,583300,31401,1973,3
36061021600,1177,745800,59670,1939,2
36061021703,,,,,2
36061021800,1184,,48429,1939,2
36061021900,528,,21585,1939,3
36061022000,1051,1000000,53203,1939,2
36061022102,1196,537900,41635,1939,2
36061022200,1067,1009300,38276,1962,2
36061022301,965,461200,37583,1939,3
36061022302,1117,,25309,1973,2
36061022400,809,566700,30255,1953,3
36061022500,1127,227700,48382,1939,3
36061022600,1015,916000,39552,1939,2
36061022700,1327,600400,50994,1939,2
36061022800,1037,677200,31490,1939,2
36061022900,1189,364900,42776,1939,3
36061023000,778,602900,33926,1942,3
36061023100,1311,470000,43538,1939,2
36061023200,818,290200,31769,1960,3
36061023300,1306,,50428,1939,3
36061023400,1152,546000,32378,1939,2
36061023501,990,244400,36190,1939,2
36061023502,1190,,32440,1939,2
36061023600,874,33200,35246,1964,2
36061023600,874,33200,35246,1964,2
36061023700,1180,168300,42054,1939,3
36061023801,1988,620100,82410,1979,2
36061023801,1988,620100,82410,1979,2
36061023802,2815,732100,113750,2003,2
36061023802,2815,732100,113750,2003,2
36061023900,1117,,33217,1939,2
36061024000,,,,,
36061024000,,,,,
36061024000,,,,,
36061024100,1171,301400,47743,1939,3
36061024200,474,,19531,1979,3
36061024200,474,,19531,1979,3
36061024301,1173,,48438,1939,3
36061024302,478,,18345,1961,3
36061024302,478,,18345,1961,3
36061024500,1067,252500,38321,1939,3
36061024700,1186,485000,42837,1939,3
36061024900,947,230000,40694,1939,3
36061025100,977,481300,30882,1939,3
36061025300,1153,560200,47650,1939,4
36061025500,1477,608400,45852,1939,2
36061025700,1624,827200,76832,1996,2
36061025900,1113,519500,55903,2002,2
36061026100,1074,471100,31960,1939,4
36061026300,1240,,28630,1939,3
36061026500,1325,386300,66217,1939,3
36061026700,1263,,36935,1939,3
36061026900,1126,466200,33073,1939,3
36061027100,1333,386100,53842,1939,3
36061027300,1625,455100,75180,1939,2
36061027500,1672,563300,91528,1939,2
36061027700,1071,,25896,1939,3
36061027900,1327,329500,46395,1939,3
36061028100,1738,398500,101477,1941,2
36061028300,1143,,51948,1948,2
36061028500,1101,,32164,1939,3
36061028700,1377,500000,47477,1939,3
36061029100,1120,,30878,1939,3
36061029300,1198,,34688,1939,3
36061029500,1366,349100,66127,1939,2
36061029700,,,,,
36061029700,,,,,
36061029900,657,,24625,1953,3
36061029900,657,,24625,1953,3
36061030300,1428,330200,58190,1939,3
36061030700,1483,358600,72212,1939,2
36061030900,1006,727900,27675,1950,3
36061030900,1006,727900,27675,1950,3
36061031100,,,,,
36061031100,,,,,
36061031703,2957,1654400,180742,1996,2
36061031704,2928,737400,156984,1987,2
36061031900,,,,,
36081000100,2983,607100,130592,2006,2
36081000100,2983,607100,130592,2006,2
36081000200,1488,474700,67326,1939,3
36081000200,1488,474700,67326,1939,3
36081000400,1444,438000,52266,1939,4
36081000400,1444,438000,52266,1939,4
36081000600,1423,419100,73063,1939,4
36081000600,1423,419100,73063,1939,4
36081000700,1888,868800,107448,1939,2
36081000800,1486,397200,70417,1939,4
36081001000,1512,433000,64821,1939,4
36081001200,1457,459600,65000,1939,4
36081001400,1670,478200,64296,1939,4
36081001600,1389,396900,62788,1939,4
36081001800,1340,429700,59565,1939,4
36081001900,2762,745000,123250,2005,2
36081002000,1600,463800,87115,1939,4
36081002200,1346,522400,64286,1939,3
36081002400,1426,452400,60400,1939,3
36081002500,339,,15474,1943,2
36081002600,1179,571600,79438,1939,4
36081002800,1333,547400,61184,1939,4
36081003000,1391,541300,44265,1939,3
36081003100,1461,652800,57727,1939,2
36081003200,1527,422300,61169,1951,3
36081003300,1785,685800,56768,1955,2
36081003400,1472,393800,67292,1939,4
36081003400,1472,393800,67292,1939,4
36081003600,1323,475200,77005,1939,4
36081003600,1323,475200,77005,1939,4
36081003700,,,,,
36081003800,1337,481200,57614,1942,3
36081003900,1545,560900,41477,1949,3
36081004001,1350,595200,56607,1956,3
36081004002,1374,568800,83466,1939,4
36081004200,1403,400900,50487,1939,4
36081004200,1403,400900,50487,1939,4
36081004300,601,,28000,1954,2
36081004401,1274,504900,54583,1955,4
36081004401,1274,504900,54583,1955,4
36081004500,1470,314200,72240,1956,2
36081004700,682,587300,32168,1955,2
36081005000,,,,1965,2
36081005100,1428,726200,46588,1939,3
36081005200,1430,530500,54076,1946,4
36081005300,1468,617600,60496,1942,2
36081005400,1492,418700,63628,1939,3
36081005500,1353,593800,59620,1940,2
36081005700,1491,676500,60991,1939,2
36081005800,1362,433200,69535,1951,3
36081005900,1723,631700,71429,1939,2
36081006100,1589,711900,59118,1940,2
36081006201,1166,162600,59631,1963,2
36081006202,1480,295400,54545,1969,3
36081006202,1480,295400,54545,1969,3
36081006300,1496,831000,65670,1939,2
36081006501,1550,561000,59118,1939,2
36081006502,1620,757400,67717,1944,2
36081006900,1580,484600,52566,1964,2
36081007100,1728,730600,72367,1944,2
36081007300,1684,389700,62078,1955,2
36081007500,1557,383500,72786,1951,2
36081007700,1916,472700,73750,1998,2
36081007900,1512,531300,51031,1955,3
36081008100,1827,627400,78750,1953,3
36081008300,1341,516900,50343,1958,3
36081008500,1411,575000,43102,1939,3
36081008600,1348,452800,76010,1939,4
36081008700,582,,23648,1954,3
36081008800,1407,442100,80898,1947,3
36081009100,1752,578700,61754,1986,2
36081009400,1390,426900,51637,1939,3
36081009500,1734,692200,67955,1942,3
36081009600,1613,441600,83165,1939,4
36081009700,1753,673700,78424,1939,2
36081009800,1385,440100,46131,1939,4
36081009900,,,,,
36081010000,1315,452900,76090,1939,5
36081010100,1573,773500,61490,1939,2
36081010200,1387,446200,51722,1939,4
36081010300,1471,729000,60257,1939,2
36081010400,1309,450400,71354,1939,4
36081010500,1472,661900,48939,1949,2
36081010600,1210,439500,60948,1939,5
36081010701,,,,,
36081010701,,,,,
36081010800,1508,474100,53176,1939,4
36081011000,1431,448700,70132,1939,4
36081011100,1739,667400,70795,1946,3
36081011200,1259,559400,45500,1939,3
36081011300,1485,560900,62161,1939,2
36081011400,1370,462000,38500,1939,4
36081011500,1543,763000,64199,1942,2
36081011600,1338,441800,62222,1940,4
36081011700,1548,720900,61761,1939,2
36081011800,1629,394700,55960,1939,4
36081011900,1574,621200,63188,1943,2
36081012000,1306,488800,44167,1939,4
36081012100,1529,840400,57180,1951,2
36081012200,1268,552200,61842,1939,4
36081012301,1715,707700,82174,1950,2
36081012400,1344,486100,57198,1939,4
36081012500,1553,688600,59943,1939,3
36081012601,1406,458600,63719,1939,4
36081012602,1411,401500,64125,1939,4
36081012800,1384,568200,60887,1939,3
36081013000,1444,467600,69167,1939,3
36081013200,1397,678400,72589,1939,4
36081013400,1469,240500,58735,1948,2
36081013500,1421,753200,59722,1956,3
36081013600,1374,370100,66818,1946,2
36081013700,1847,771500,69917,1954,3
36081013800,1343,387300,56553,1946,3
36081014000,1533,557700,70948,1953,3
36081014100,1425,701400,62065,1939,2
36081014201,1404,515400,58380,1950,4
36081014202,1590,457400,71413,1939,4
36081014300,1460,589800,63309,1939,3
36081014400,1426,478000,49792,1939,4
36081014500,1623,637400,53125,1943,2
36081014700,1504,772700,74955,1941,2
36081014800,1526,374700,61588,1939,4
36081014900,1553,894200,75012,1939,2
36081015000,1431,453000,74861,1939,5
36081015100,1479,695700,65417,1943,2
36081015200,1622,457100,59375,1939,4
36081015300,1572,641800,58000,1947,2
36081015400,1369,452600,57250,1939,4
36081015500,1568,656300,69844,1945,3
36081015600,1460,445400,58561,1941,4
36081015700,1391,,49848,1939,2
36081015801,1463,454300,64722,1939,4
36081015802,1467,408600,69453,1939,4
36081015900,1426,532400,46585,1939,2
36081016100,1600,748200,54000,1939,3
36081016300,555,615500,21958,1946,2
36081016400,1474,421600,74583,1939,4
36081016600,1279,432900,54295,1949,3
36081016800,1334,372100,74583,1939,4
36081016900,1544,366300,55325,1939,2
36081017000,1261,414200,56513,1939,4
36081017100,,,,,
36081017200,1145,412300,70464,1939,4
36081017400,1341,387400,67159,1939,4
36081017600,1559,420300,62550,1948,4
36081017800,1447,390700,48789,1942,4
36081017900,1402,559800,44091,1939,2
36081018000,1333,427700,64271,1939,4
36081018101,1357,343800,45469,1939,2
36081018102,1455,403400,52188,1939,2
36081018200,1423,369300,62976,1945,4
36081018300,1470,491300,72361,1939,2
36081018401,1293,358400,59750,1954,3
36081018402,1597,346300,68074,1939,3
36081018501,1391,245700,68620,1939,2
36081018502,1585,303700,68703,1939,2
36081018600,1684,356600,65909,1942,4
36081018700,1384,570100,67424,1940,3
36081018800,1349,399200,77159,1959,4
36081018900,1511,560600,62730,1949,3
36081019000,1428,358800,75000,1939,4
36081019200,1396,338100,74219,1943,3
36081019400,1197,361700,66848,1947,3
36081019600,1296,374800,67946,1957,4
36081019800,1249,459500,40987,1957,4
36081019900,1260,,56000,1940,3
36081020200,1227,396300,59083,1944,4
36081020400,1192,455600,37898,1948,4
36081020500,1403,617800,56563,1939,3
36081020600,1238,413300,65526,1952,4
36081020800,1394,443300,64423,1942,4
36081021200,1177,490500,41813,1941,3
36081021400,1448,314900,52269,1952,3
36081021600,1567,199700,61042,1961,2
36081021900,,,,,
36081022001,1391,234100,66683,1956,2
36081022002,1434,265300,61765,1956,2
36081022900,,,,,
36081023000,1792,578600,110781,1939,4
36081023200,1451,393100,64948,1957,3
36081023500,1405,590700,46140,1939,3
36081023600,1490,558700,59141,1942,4
36081023800,1263,503000,41000,1951,3
36081024000,1346,290500,41146,1946,3
36081024300,1615,596300,62924,1953,3
36081024500,1463,256700,56151,1963,3
36081024600,,,,,
36081024700,1413,632400,56442,1959,3
36081024900,1496,377800,56101,1958,2
36081025100,1406,235900,45661,1962,3
36081025301,1456,520100,59773,1939,2
36081025302,1408,500000,62155,1942,3
36081025400,889,344500,33483,1965,3
36081025500,1534,645100,87500,1954,3
36081025700,1359,567100,60750,1949,3
36081025800,1615,336800,65833,1946,4
36081025900,1447,,47629,1947,3
36081026000,1262,535700,41607,1963,3
36081026100,1325,593400,40452,1939,3
36081026200,1402,375400,70577,1948,3
36081026300,1437,570200,50912,1952,3
36081026400,1100,420800,54167,1968,3
36081026500,1471,557400,54219,1959,3
36081026600,567,371400,32750,1961,3
36081026700,1337,458300,45842,1954,3
36081026901,1521,250900,42667,1954,3
36081026902,1230,234300,40694,1945,3
36081027000,1257,361100,40000,1939,4
36081027100,1322,349100,48429,1946,3
36081027200,1154,338200,56550,1939,4
36081027300,1305,233300,43077,1952,3
36081027400,1293,384700,59643,1964,3
36081027500,1345,193400,52000,1953,3
36081027600,1608,387300,51875,1955,3
36081027700,1286,249400,43770,1953,3
36081027800,668,324200,35093,1964,3
36081027900,1395,275500,54667,1952,3
36081028000,1287,329700,79750,1950,4
36081028100,1273,274800,46231,1942,2
36081028200,1491,385200,73500,1944,3
36081028300,1422,260300,60707,1942,2
36081028400,1675,409900,67981,1958,4
36081028500,1380,478100,58775,1939,2
36081028700,1266,335900,62190,1944,2
36081028800,1445,361700,62328,1954,4
36081028900,1439,335800,64304,1950,2
36081029100,1345,351700,34340,1943,3
36081029300,1533,658600,58304,1948,3
36081029400,1284,435900,67917,1964,3
36081029500,1350,248200,65128,1939,2
36081029700,1523,628700,58578,1954,3
36081029900,,,,,
36081030600,1575,382400,62652,1963,4
36081030902,1515,577000,46471,1959,3
36081030903,1547,596200,57310,1953,3
36081030904,1393,606700,55733,1961,3
36081031700,1679,555100,56056,1955,2
36081032000,1500,397000,69408,1955,4
36081032700,1400,587200,56094,1941,3
36081032800,1569,447200,60333,1959,3
36081032900,1463,529800,53795,1950,4
36081033000,1622,393700,75679,1955,4
36081033100,,,,,
36081033100,,,,,
36081033401,1269,430600,77798,1975,4
36081033402,1072,,45465,1964,2
36081033700,1409,558700,60201,1944,4
36081033900,1203,259500,70707,1952,3
36081034700,1471,569700,46853,1955,3
36081035100,1349,234700,56154,1952,3
36081035200,1519,367800,80750,1947,4
36081035300,1545,481500,46705,1939,3
36081035700,1225,487400,46372,1956,3
36081035800,1376,448000,74091,1954,3
36081036100,1405,518100,41968,1939,4
36081036300,1415,516300,56771,1940,3
36081036500,1342,597800,43098,1939,4
36081036600,1208,358500,71125,1946,3
36081036700,1570,479200,60781,1939,4
36081036800,1159,370300,70833,1946,3
36081037100,1648,569200,55547,1939,3
36081037300,1550,568100,47337,1945,4
36081037500,1483,664300,46979,1948,4
36081037600,1406,405000,73255,1950,3
36081037700,1460,620000,48401,1942,5
36081037900,1648,740600,51086,1957,5
36081038100,1513,382900,48882,1956,4
36081038301,,,,,
36081038302,,,,,
36081038400,1363,360900,61518,1952,3
36081039400,1412,394000,56440,1948,3
36081039800,1286,411700,71953,1944,3
36081039900,1424,505200,51615,1957,4
36081040000,1271,399000,75238,1955,3
36081040100,1612,364300,42500,1960,4
36081040200,1089,429400,96146,1946,4
36081040300,1603,461500,44511,1959,4
36081040400,1296,361600,64453,1952,4
36081040500,1392,609400,46116,1952,4
36081040700,1434,543200,44306,1948,4
36081040900,1440,635400,50497,1952,5
36081041100,1432,476300,55179,1947,4
36081041300,1632,612500,46098,1945,5
36081041400,1331,382400,46817,1952,3
36081041500,1376,580500,41402,1959,4
36081042400,1436,455800,69063,1943,3
36081042600,,,,,
36081042700,1504,627700,45577,1960,4
36081043200,1550,451600,82059,1942,4
36081043400,1736,365700,87500,1945,4
36081043701,1365,412000,59550,1967,3
36081043702,1408,166700,38914,1963,3
36081043900,1488,464800,52808,1961,4
36081044000,1440,359000,59390,1939,4
36081044301,767,472200,22829,1984,3
36081044302,1422,603400,52218,1955,4
36081044400,1247,369600,39951,1949,3
36081044601,1164,137500,34306,1961,3
36081044602,1206,400000,41322,1961,3
36081044800,1395,614600,66768,1939,4
36081045000,1426,535300,68289,1939,4
36081045200,1455,538000,50962,1961,4
36081045400,1616,310000,58523,1951,3
36081045500,1451,,47620,1963,3
36081045600,1694,590000,81750,1948,4
36081045700,1314,657900,53313,1963,3
36081045800,1378,583700,69063,1951,3
36081045900,1533,646800,56333,1951,4
36081046000,1220,363500,28701,1957,3
36081046100,1595,678000,47404,1956,4
36081046200,1388,443100,45192,1960,4
36081046300,1466,730800,43456,1954,4
36081046400,1420,621300,80221,1945,3
36081046500,1375,706300,32391,1940,4
36081046600,1567,174500,60170,1960,3
36081046700,1241,,31487,1947,3
36081046800,1375,445100,47938,1939,3
36081046900,1200,300500,40382,1950,3
36081047000,1320,449700,57070,1939,4
36081047100,1425,574600,48803,1957,3
36081047200,1301,693900,62857,1958,3
36081047300,1592,442700,53462,1964,3
36081047500,1504,493100,49438,1965,3
36081047600,3501,806200,75625,1948,3
36081047800,1335,174800,76044,1952,3
36081047900,1456,610400,46121,1952,3
36081048000,1506,461600,60645,1939,4
36081048100,1389,376700,31875,1948,3
36081048200,1353,601600,94531,1939,4
36081048300,1612,540700,50509,1955,4
36081048400,1296,435100,67138,1941,4
36081048500,1776,429800,60026,1958,3
36081048900,1632,649000,62500,1959,4
36081049200,1221,410800,56008,1952,3
36081049301,1605,596800,49750,1955,3
36081049302,1434,593900,62188,1939,3
36081049500,1526,629500,61335,1949,3
36081049600,1379,415900,73575,1939,4
36081049700,1529,602100,58188,1946,3
36081049900,1423,650800,54071,1949,3
36081050000,1254,498700,43297,1958,3
36081050201,1573,382900,73500,1946,4
36081050202,1380,420700,56875,1939,4
36081050400,1292,412000,50333,1942,3
36081050500,1433,642200,63625,1961,3
36081050600,1236,409800,83047,1945,4
36081050700,1702,575600,71471,1956,3
36081050800,988,413300,69423,1943,4
36081051000,1092,417700,81196,1939,4
36081051100,1455,589300,77868,1940,3
36081051200,1332,421000,82500,1939,4
36081051300,1494,663900,59803,1962,3
36081051500,1406,514100,74583,1952,2
36081051600,1321,379900,59643,1945,3
36081051700,1487,472900,60841,1939,3
36081051800,1779,362200,78750,1946,4
36081052000,1431,367700,85972,1939,4
36081052100,1263,460900,62222,1939,3
36081052200,1281,377300,76429,1947,3
36081052400,1140,413800,72546,1945,3
36081052500,1517,550700,66518,1939,3
36081052600,1549,406300,63947,1941,4
36081052800,1455,393000,60431,1950,3
36081053000,1317,383200,64250,1948,3
36081053100,1311,464900,56620,1939,2
36081053200,1534,373900,88531,1950,3
36081053401,1012,381700,61591,1946,3
36081053500,1473,469800,57100,1939,3
36081053500,1473,469800,57100,1939,3
36081053601,1260,403100,65000,1939,4
36081053800,1094,386400,85000,1946,4
36081053900,1383,516900,55952,1940,3
36081053900,1383,516900,55952,1940,3
36081054000,1406,406500,49825,1947,4
36081054200,1417,423200,80191,1939,4
36081054500,1334,567900,52679,1939,3
36081054500,1334,567900,52679,1939,3
36081054700,1364,546300,54783,1939,3
36081054700,1364,546300,54783,1939,3
36081054800,1328,444500,61650,1939,4
36081054900,1403,,50060,1939,3
36081054900,1403,,50060,1939,3
36081055100,1318,445300,62625,1939,3
36081055200,1354,556100,50966,1952,3
36081055300,1371,495800,45994,1939,3
36081055300,1371,495800,45994,1939,3
36081055400,1540,444300,65595,1943,3
36081055500,1312,571100,50818,1939,3
36081055500,1312,571100,50818,1939,3
36081055600,1514,415500,72083,1943,4
36081055700,1306,435200,48487,1939,3
36081055800,1648,416800,80550,1939,3
36081055900,1359,457100,59276,1964,3
36081055900,1359,457100,59276,1964,3
36081056000,1363,474500,62596,1942,4
36081056100,,414300,118750,1966,3
36081056100,,414300,118750,1966,3
36081056200,1390,456400,86786,1939,4
36081056400,1464,422000,41193,1942,3
36081056500,1473,474700,63304,1944,3
36081056600,1299,465400,54342,1942,4
36081056700,1449,475800,84228,1939,3
36081056800,1302,414300,68313,1945,3
36081057700,1208,547700,60372,1939,3
36081057900,1321,482000,54583,1939,3
36081058000,1421,385500,82841,1948,3
36081058100,1342,456800,55040,1939,3
36081058200,1548,386900,90179,1948,4
36081058300,1381,553500,75847,1939,3
36081058500,1404,548900,60588,1939,3
36081058700,1302,491700,55481,1939,3
36081058900,1331,496600,40989,1945,3
36081059000,1383,382800,68800,1943,4
36081059100,1213,490200,61875,1939,3
36081059200,,376300,97917,1953,3
36081059300,1344,538100,56856,1939,3
36081059400,1211,392500,85714,1950,3
36081059500,1309,585500,59038,1939,3
36081059600,,418100,82639,1942,3
36081059800,1476,374300,87386,1945,3
36081059900,1584,486900,47898,1939,2
36081060000,1550,369400,89271,1947,3
36081060100,1410,530900,65350,1939,2
36081060300,1540,582900,84886,1948,3
36081060600,1726,393900,83698,1946,3
36081060701,,,,,
36081060800,1375,404900,71750,1944,4
36081061000,1956,407500,76818,1948,3
36081061200,,423600,117361,1947,3
36081061301,1351,493300,71316,1939,3
36081061302,,,,,2
36081061400,,420400,89219,1948,4
36081061601,1556,416700,88654,1951,3
36081061602,1155,436600,94750,1954,4
36081061800,1218,328800,59889,1951,3
36081061900,1178,543900,82069,1939,3
36081062000,,415500,94231,1944,3
36081062100,1477,514100,58625,1939,3
36081062200,1163,421100,78009,1947,3
36081062300,1339,478600,74375,1942,3
36081062400,,,,,
36081062500,1303,499700,66750,1939,3
36081062600,1146,382000,81818,1945,3
36081062700,1397,509800,68664,1939,3
36081062900,1332,500000,61667,1939,3
36081063000,2125,384300,82083,1939,4
36081063200,1452,411000,93125,1943,4
36081063301,1313,570700,77794,1939,3
36081063302,1592,550700,71442,1939,3
36081063500,1417,574500,54934,1939,3
36081063700,1566,578600,94389,1939,3
36081063800,1466,408900,106058,1954,4
36081063900,1191,459400,73548,1952,3
36081064101,1354,212400,57578,1954,2
36081064102,,,,1953,3
36081064102,,,,1953,3
36081064500,1612,626500,80192,1939,3
36081064600,1410,433300,84784,1946,3
36081065000,1367,420700,78750,1942,3
36081065400,1239,396700,87202,1951,4
36081065501,,,,,
36081065600,1708,461600,76516,1958,4
36081065702,1427,481800,70150,1954,2
36081065703,1313,604900,67039,1944,3
36081065900,1568,590900,83000,1950,3
36081066000,1613,451500,94621,1955,4
36081066100,1422,624000,78319,1957,2
36081066300,1667,607300,97404,1941,3
36081066400,1626,398300,83885,1959,3
36081066501,1573,630000,83839,1961,3
36081066701,1406,559200,55571,1953,2
36081066900,1356,630200,74798,1956,3
36081067100,1738,592600,96250,1943,3
36081067700,1462,606100,85625,1939,3
36081067900,1223,565200,49495,1954,2
36081068000,1698,428800,88672,1958,3
36081068200,1438,378700,85313,1939,3
36081068300,1537,266100,60538,1961,3
36081068700,1399,399300,57449,1945,2
36081069000,1659,426400,75000,1959,4
36081069300,1488,281600,41392,1947,2
36081069400,1675,401000,79183,1961,3
36081069500,1441,650800,53777,1944,2
36081069701,1451,281000,60833,1955,2
36081069702,1412,803500,77614,1950,2
36081070300,1576,598200,55833,1950,3
36081070700,1224,585200,97888,1943,3
36081070900,1702,606100,82125,1950,3
36081071100,1463,277600,64005,1954,2
36081071303,1720,319500,81975,1950,2
36081071304,1339,258700,52987,1953,2
36081071305,1831,344800,70216,1960,2
36081071306,1536,247700,66793,1950,2
36081071600,,,,,
36081071701,1357,260400,64583,1958,2
36081071702,1227,250800,43088,1965,2
36081071900,1409,502200,48902,1951,2
36081072100,1126,222600,50425,1951,2
36081072300,2861,1144800,123229,1939,3
36081072900,1495,692900,95500,1939,3
36081073100,1900,757700,109615,1939,3
36081073700,1640,584600,62240,1941,2
36081073900,1724,387500,76550,1950,2
36081074100,1494,292900,69824,1950,2
36081074300,1219,362700,57587,1954,2
36081074500,1168,483000,35967,1957,3
36081074700,1263,271600,64250,1957,3
36081074900,,1350800,151964,1939,3
36081075701,1707,285100,76774,1954,2
36081075702,1435,382600,80135,1954,2
36081076901,1678,297800,77135,1939,2
36081076902,1735,444400,81131,1945,2
36081077300,1270,251400,72775,1939,2
36081077500,1389,,64977,1941,2
36081077902,1553,625200,81616,1949,3
36081077903,1283,239400,73790,1946,3
36081077904,1697,416000,60521,1952,3
36081077905,1350,215500,66458,1951,2
36081077906,1660,211500,61523,1954,3
36081077907,1427,627600,44036,1953,3
36081077908,1421,661000,50703,1962,3
36081078800,1834,375900,65500,1948,3
36081079000,1331,406300,54476,1966,4
36081079200,1476,416100,62442,1962,4
36081079300,,,,,
36081079701,1310,325900,36663,1963,2
36081079702,1374,483300,36044,1960,3
36081079900,1324,761100,42188,1949,3
36081080301,1496,625000,53021,1961,4
36081080302,1849,665500,68010,1954,3
36081080900,1001,256400,67891,1953,2
36081081400,1532,410100,61754,1946,4
36081081800,1405,434500,58621,1949,4
36081083700,1290,595600,51122,1954,4
36081083800,1532,465000,71220,1950,4
36081084000,1147,430300,53750,1950,3
36081084500,993,495500,25258,1965,2
36081084601,1517,547400,70208,1955,3
36081084602,1920,457800,59286,1955,4
36081084900,1446,468200,26512,1959,4
36081085300,1423,409600,36546,1961,2
36081085500,1287,277700,36980,1955,3
36081085700,1335,286200,39517,1959,3
36081085900,1290,270800,44861,1955,3
36081086100,1253,296100,38967,1948,3
36081086300,1321,330600,38958,1966,3
36081086400,1469,450600,57054,1939,4
36081086500,1485,420700,29147,1971,2
36081086900,1596,459200,31154,1992,3
36081087100,753,760200,38115,2001,2
36081088400,1710,567800,73783,1954,3
36081088901,1245,232800,46038,1960,3
36081089200,1979,667800,95625,1963,3
36081090700,1527,625800,51750,1954,3
36081091601,,548100,100909,1972,3
36081091602,,,,,
36081091800,,,,,2
36081091900,1547,483400,48304,1942,3
36081092200,1448,797800,123438,1944,3
36081092500,1433,488800,41969,1939,3
36081092800,,799200,138158,1939,3
36081092900,1462,531300,54389,1959,3
36081092900,1462,531300,54389,1959,3
36081093401,1487,625300,80718,1942,2
36081093402,1338,494400,80379,1946,2
36081093800,1080,,58071,1963,2
36081093900,1681,586500,73750,1976,3
36081094201,1248,454900,53049,1985,2
36081094202,672,325500,40649,1967,3
36081094203,928,39000,48114,1964,2
36081094500,1611,778700,77227,1960,3
36081094700,1511,605300,62647,1949,3
36081095400,1342,377400,64977,1962,3
36081096400,1333,334600,59970,1990,3
36081097202,1074,,32917,1973,3
36081097203,413,261600,21014,1959,3
36081097204,798,421400,40893,1959,3
36081097300,1728,742300,83125,1954,3
36081098100,1558,768200,89750,1958,3
36081098700,1470,646500,67802,1950,3
36081099100,1613,433200,95150,1957,2
36081099200,1039,386900,36318,1974,3
36081099701,1792,529000,76563,1956,2
36081099703,2085,390200,94303,1967,2
36081099704,1800,293400,67485,1969,2
36081099705,2430,606300,83646,1981,3
36081099801,1213,385900,58571,1957,3
36081099802,1002,333500,32754,1972,2
36081099900,,,,,
36081100801,1679,446000,79375,1955,4
36081100802,1241,443200,56734,1960,4
36081101001,1024,520500,27222,1968,3
36081101002,1167,796800,32778,1971,2
36081101700,1812,527000,68295,1955,2
36081102900,1630,577600,64167,1962,3
36081103201,896,387000,38750,1955,3
36081103202,1482,499100,56898,1955,4
36081103300,1693,693500,81250,1957,3
36081103900,1639,703300,75938,1951,3
36081104700,1641,576100,51592,1955,3
36081105900,1859,673600,85719,1954,3
36081107201,1450,384800,77958,1939,3
36081107202,,,,,
36081107202,,,,,
36081108500,1416,658500,67500,1949,3
36081109300,1658,878000,90703,1956,3
36081109700,1786,723100,95139,1947,3
36081109900,1484,547100,74300,1939,3
36081111300,1932,744400,80694,1958,3
36081112300,1789,720100,81500,1957,3
36081112900,1854,575100,87321,1956,3
36081113300,1833,511800,81250,1953,3
36081113900,1546,557700,60655,1952,2
36081114100,1463,688900,115375,1939,3
36081114700,1820,693400,90700,1941,3
36081115100,1651,819100,72778,1939,3
36081115500,1386,658400,51500,1939,4
36081115700,1416,634300,45809,1952,3
36081115900,1469,786500,57448,1953,3
36081116100,1426,280500,42484,1966,3
36081116300,1386,341500,34534,1954,3
36081116700,1496,681500,30662,1953,3
36081117100,1387,793000,41940,1945,3
36081117500,1407,714500,64025,1949,3
36081118100,1546,683600,61898,1952,3
36081118500,1466,657300,48042,1950,3
36081118700,1288,819900,43417,1956,3
36081118900,1368,744900,62132,1939,4
36081119100,1703,789300,52569,1961,3
36081119300,1542,732500,46298,1939,3
36081119500,1555,620600,77115,1939,3
36081119900,1493,707300,60625,1939,3
36081120100,1261,715500,45000,1953,4
36081120300,1417,720500,68036,1951,4
36081120500,931,663700,27098,1960,3
36081120700,1758,666600,72841,1951,3
36081121100,,,,,
36081121500,1419,592500,63409,1952,4
36081122300,1848,748500,69292,1956,3
36081122701,1152,499100,57727,1957,3
36081122702,617,507900,24177,1955,3
36081124100,1542,640000,63850,1956,3
36081124700,1844,653500,76458,1950,3
36081125700,1490,617800,56357,1954,3
36081126500,893,530300,55882,1942,3
36081126700,1422,563200,81379,1940,4
36081127700,2137,872200,116734,1946,3
36081128300,,161500,43889,1956,1
36081129102,,733200,99973,1951,3
36081129103,1386,212800,63831,1956,2
36081129104,1000,240600,81058,1955,2
36081130100,1196,269700,63255,1951,3
36081133300,1682,738700,100536,1948,3
36081133900,2438,675800,116875,1944,3
36081134100,1826,668900,84107,1948,3
36081134700,1653,500700,58700,1953,3
36081136700,1710,275500,61746,1955,3
36081137700,1565,478900,65591,1953,3
36081138501,2022,795200,64176,1962,3
36081138502,,,,,
36081139900,1763,733800,98345,1948,3
36081140300,1851,631600,73681,1953,3
36081140901,1136,661800,100536,1949,3
36081140902,1739,673300,101397,1949,3
36081141700,1394,657200,75417,1950,3
36081142900,1804,648900,82314,1952,3
36081143500,1776,671600,73625,1943,3
36081144100,1496,545100,100359,1951,3
36081144700,1632,567600,76250,1956,3
36081145101,1799,646600,79886,1952,3
36081145102,1645,633800,90474,1953,3
36081145900,1623,620800,86000,1943,3
36081146300,1554,616700,83322,1951,3
36081146700,1549,645600,71136,1957,2
36081147100,1658,622400,73125,1959,2
36081147900,1744,631300,81031,1952,3
36081148300,1717,1015900,120766,1939,3
36081150701,1910,842900,94375,1948,3
36081150702,1442,685800,78258,1955,3
36081152901,2038,393800,83393,1962,3
36081152902,1663,246500,77468,1956,2
36081155101,2298,436400,63368,1975,1
36081155102,1426,245000,88899,1954,2
36081156700,1325,663500,,2001,2
36081157101,1548,540100,80931,1951,3
36081157102,1753,500000,77292,1952,4
36081157901,1526,571200,93466,1955,3
36081157902,1811,603200,103125,1953,4
36081157903,1640,563500,82148,1953,3
36081161700,1293,479100,76045,1940,3
36081162100,1441,477800,65114,1946,3
36085000300,1161,367200,70078,1945,2
36085000600,727,401000,35893,1982,2
36085000700,970,261000,45951,1957,3
36085000800,1219,403200,78014,1964,3
36085000900,1246,362800,47868,1939,3
36085001100,1154,313300,45337,1939,3
36085001700,1153,421600,31250,1939,3
36085001800,1472,,67000,1982,3
36085002001,1283,357300,89792,1975,2
36085002002,1550,467200,90598,1974,3
36085002100,1288,346900,52895,1939,3
36085002700,1381,371800,33750,1939,3
36085002900,811,306400,27063,1956,3
36085003300,1263,443000,87647,1943,3
36085003600,1418,362100,65625,1970,3
36085003900,1333,461700,67727,1958,2
36085004000,827,347100,40971,1970,3
36085004700,1357,435200,73362,1959,2
36085005000,1526,441200,69327,1976,3
36085005900,1289,489800,83603,1950,3
36085006400,548,419300,53956,1959,3
36085006700,1210,551300,98438,1942,3
36085007000,1454,424600,71406,1970,3
36085007400,958,398300,77292,1971,3
36085007500,1332,401300,46006,1939,3
36085007700,1250,300000,44615,1947,3
36085008100,621,392200,40769,1947,2
36085009601,1156,533000,61598,1964,2
36085009602,1253,476300,80184,1960,3
36085009700,1165,379300,71812,1949,3
36085010500,1151,367800,65870,1939,3
36085011201,1413,421500,76050,1978,3
36085011202,1245,351400,76014,1971,3
36085011401,,408300,32788,1963,2
36085011402,1409,459400,81563,1960,3
36085012100,1278,491500,109023,1951,3
36085012200,1259,510200,92083,1943,3
36085012500,1228,402600,61042,1939,3
36085012804,1236,393700,68015,1971,3
36085012805,1195,399800,71375,1977,3
36085012806,1240,407800,53376,1965,2
36085013201,1397,530900,104444,1961,3
36085013203,1492,482200,82443,1970,3
36085013204,1411,493400,84866,1966,3
36085013301,441,,13818,1961,3
36085013302,1309,351400,37813,1951,3
36085013400,1243,499100,74427,1958,3
36085013800,1185,561100,82361,1966,3
36085014100,1274,359800,62500,1969,3
36085014604,1202,456000,72969,1974,3
36085014605,1266,513600,103565,1965,3
36085014606,1732,385900,101082,1986,3
36085014607,1676,458000,82551,1976,3
36085014608,1756,438700,93385,1977,3
36085014700,1220,463800,84310,1958,3
36085015100,1097,446100,89643,1951,3
36085015400,,,,,
36085015601,1066,473600,100964,1958,3
36085015602,,527400,95179,1965,3
36085015603,2043,419500,90925,1978,3
36085016901,1665,466100,73594,1958,3
36085017005,1067,508300,96500,1984,3
36085017007,1255,299100,79107,1997,3
36085017008,968,464600,82750,1978,3
36085017009,1182,628800,100181,1979,3
36085017010,1148,371000,88477,1982,3
36085017011,1134,490700,83400,1976,3
36085017012,1293,488400,83125,1977,3
36085017300,480,522300,34667,1965,3
36085017600,1123,684400,105721,1984,3
36085017700,1433,744400,104028,1967,3
36085018100,1016,728800,115938,1960,3
36085018701,1592,446300,85268,1951,3
36085018702,967,469700,82197,1967,3
36085018901,1157,456500,65421,1959,3
36085018902,1489,511200,73945,1976,3
36085019700,1384,449800,98167,1939,3
36085019800,1259,649000,100082,1990,3
36085020100,1286,413300,80357,1944,3
36085020700,1142,337600,31040,1939,3
36085020801,1608,475100,80567,1989,3
36085020803,1232,605100,101176,1986,3
36085020804,1175,602200,95417,1979,3
36085021300,1150,328100,57659,1939,3
36085022300,1152,329000,58523,1939,3
36085022600,1302,504700,101065,1997,3
36085022800,,,,,2
36085023100,1606,326600,70776,1972,3
36085023900,1000,351500,60240,1956,4
36085024401,1144,674600,75489,1985,3
36085024402,1289,594700,83269,1995,3
36085024700,1335,357000,59145,1943,3
36085024800,1179,548700,75625,1957,3
36085025100,1558,441500,97316,1963,3
36085027301,1556,385600,68546,1983,3
36085027302,1523,511800,88958,1973,3
36085027702,1393,302300,58716,1985,2
36085027704,1444,467200,98722,1981,3
36085027705,1284,472300,79583,1979,3
36085027706,1353,467500,81654,1984,3
36085027900,1105,743300,91944,1973,3
36085029102,1793,397700,89167,1986,3
36085029103,1024,481800,74732,1973,3
36085029104,1555,399300,87853,1978,3
36085030301,1325,333400,65469,1978,3
36085030302,1699,322000,84630,1982,3
36085031901,427,294700,23098,1958,2
36085031902,741,281100,23289,1970,3
36085032300,1355,231900,64250,1994,2
