"tract_id","median_rent","median_value","median_income","median_year_built","avg_household_size"
"34003001000",1693,680000,151641,1963,3
"34003002100",1188,2000001,114545,1978,3
"34003002200",1517,453800,90647,1962,3
"34003002300",1663,610000,112031,1975,3
"34003003100",1197,301900,76906,1953,3
"34003003200",1198,322400,69531,1955,3
"34003003300",1701,328100,97957,1952,3
"34003003401",1435,385200,122650,1954,4
"34003003402",1489,356100,105776,1952,4
"34003003500",1230,340200,52382,1954,3
"34003004001",1365,331300,76979,1939,3
"34003004002",1172,299700,78306,1944,3
"34003005000",1225,386200,84268,1954,3
"34003006100",1216,416900,63071,1951,3
"34003006201",1207,429500,49883,1955,2
"34003006202",1696,405900,81273,1974,2
"34003006300",1273,412300,54788,1956,2
"34003007001",1857,514100,100250,1955,3
"34003007002",2608,745300,143780,1966,3
"34003008000",2054,540700,117164,1960,3
"34003009100",3375,652800,150139,1958,3
"34003009200",3341,644700,168371,1955,3
"34003010100",1274,364200,98987,1951,3
"34003010200",1179,348600,75550,1946,3
"34003010300",1118,356700,106750,1953,3
"34003011100",1190,326100,68442,1952,3
"34003011200",1523,353400,69310,1955,3
"34003011300",1724,343300,88045,1956,3
"34003011400",1616,375100,76709,1961,3
"34003012001",1393,410500,70769,1953,3
"34003012002",1375,362500,81033,1959,2
"34003013001",2457,617000,117681,2001,2
"34003013002",1769,477900,85288,1975,2
"34003014000",1707,465000,109613,1959,3
"34003015100",1432,895100,138654,1939,3
"34003015200",1294,351200,72315,1949,3
"34003015300",1260,299800,66817,1953,3
"34003015400",2028,309400,66483,1977,3
"34003015500",1491,593900,112723,1963,2
"34003016000",3255,984700,131936,1968,3
"34003017100",1260,450600,126265,1954,3
"34003017200",1498,354600,83463,1955,2
"34003017300",1198,389600,117386,1950,3
"34003017400",1720,410100,108667,1955,3
"34003017500",1721,372300,90527,1952,3
"34003018100",1162,357800,49615,1947,3
"34003018200",1275,348300,62347,1962,3
"34003019102",1744,242000,85699,1966,2
"34003019103",1984,115200,65852,1959,2
"34003019104",1527,277200,65972,1963,2
"34003019202",1402,380000,67250,1975,2
"34003019203",1168,189700,54122,1965,2
"34003019204",960,253700,60357,1974,2
"34003019303",1773,456700,64636,1970,2
"34003019304",1561,599900,75208,1955,3
"34003019305",2095,390600,101969,1975,2
"34003019306",2027,759500,127614,1984,2
"34003020100",2221,786400,143871,1976,3
"34003020200",2922,1023600,182763,1976,3
"34003021100",1304,363900,47112,1956,3
"34003021200",1202,333700,57237,1957,3
"34003021300",1180,315900,50918,1952,3
"34003021400",1268,343400,48419,1961,3
"34003021500",1186,325000,39627,1952,3
"34003021600",1192,265400,46513,1952,3
"34003022100",1417,614700,159091,1948,3
"34003022200",3033,608800,159375,1953,3
"34003023100",1393,258500,55886,1960,3
"34003023200",1288,300900,51739,1962,2
"34003023301",1696,355300,108421,1952,3
"34003023302",1463,226700,60838,1974,2
"34003023401",1394,,71197,1971,2
"34003023402",1247,336500,48615,1965,3
"34003023501",1142,238600,52337,1953,2
"34003023502",1535,219000,60091,1972,2
"34003023601",1171,270200,56471,1960,2
"34003023602",1203,303000,46667,1956,3
"34003024100",2125,740400,133750,1975,3
"34003024200",1697,600900,136313,1959,3
"34003025100",1339,369400,75000,1955,3
"34003025200",1358,428200,102935,1950,3
"34003026100",1236,498900,119853,1957,3
"34003026200",1511,530400,114485,1957,3
"34003027000",2375,716800,163988,1954,3
"34003028001",1429,453100,74077,1950,3
"34003028002",1321,503000,101761,1946,3
"34003029100",1360,291400,52331,1967,3
"34003029200",1220,344400,71815,1961,3
"34003030100",1112,354800,51331,1962,3
"34003030200",1242,377400,45235,1958,3
"34003030300",1270,338600,52292,1956,3
"34003030400",1119,331700,62198,1957,3
"34003031100",1394,370700,69669,1956,2
"34003031200",1071,347400,60975,1950,2
"34003031300",1211,365200,74572,1954,3
"34003031400",1270,361800,72021,1955,3
"34003032102",2196,749400,121154,1979,3
"34003032103",1936,360600,101543,1987,2
"34003032104",1183,410700,99185,1975,3
"34003032201",1804,569400,117241,1986,3
"34003032202",1567,416000,85764,1973,2
"34003033100",2327,372400,100948,1950,3
"34003033200",1410,370100,101250,1949,3
"34003033300",1283,379100,61631,1956,2
"34003034000",1514,456000,99436,1952,3
"34003035100",1709,600500,111436,1968,3
"34003035200",2411,756100,150862,1968,3
"34003036100",1404,378800,63897,1961,3
"34003036200",990,341700,53462,1963,3
"34003037100",1363,401800,91641,1955,3
"34003037201",,390000,111719,1955,3
"34003037202",1241,391300,69158,1953,2
"34003038100",1212,344300,72917,1955,3
"34003038200",1298,328000,70017,1948,2
"34003038300",1285,359000,85125,1955,3
"34003039100",1434,441700,89779,1962,3
"34003039200",2063,434200,122586,1959,3
"34003039300",2550,447200,121000,1959,3
"34003040001",,621900,178827,1958,3
"34003040002",1323,494100,114946,1956,3
"34003041100",1307,481600,53347,1970,3
"34003041200",1488,572000,73435,1972,3
"34003041301",1303,509900,57629,1961,3
"34003041302",1772,471700,71791,1980,3
"34003042100",,495800,91386,1958,3
"34003042301",1997,570400,95441,1964,3
"34003042302",,588300,116549,1961,3
"34003042400",2422,592800,117381,1960,3
"34003042500",1601,611300,105341,1976,3
"34003043001",1852,584200,113750,1964,3
"34003043002",1436,485700,97404,1967,3
"34003044100",721,669500,175795,1962,3
"34003044201",1788,586000,160602,1962,3
"34003044202",1366,395600,107660,1976,2
"34003045100",1457,465500,72546,1957,3
"34003045200",1371,427300,65735,1949,3
"34003046100",1225,339100,60765,1945,3
"34003046200",1361,325400,88705,1939,3
"34003046300",1300,295200,62250,1945,3
"34003047100",2898,622200,142434,1953,3
"34003047200",,903800,189792,1942,3
"34003047300",3501,1033800,250001,1939,3
"34003047400",1708,728900,109500,1939,3
"34003047500",2706,644200,166563,1950,3
"34003048100",1405,446700,78618,1953,3
"34003048200",1241,475300,150679,1949,3
"34003049001",,657400,159495,1965,3
"34003049002",1705,534900,122602,1968,3
"34003050000",1475,351300,76354,1953,3
"34003051100",1256,435300,81149,1949,3
"34003051200",1394,448800,110536,1942,3
"34003051300",1363,417400,75862,1951,2
"34003051400",1430,433400,105639,1947,3
"34003052100",1444,370800,82690,1957,3
"34003052200",1444,354200,96740,1959,3
"34003053100",1455,1784500,131845,1982,3
"34003053200",2414,905100,171747,1972,3
"34003054100",1673,375100,83750,1954,3
"34003054200",1297,319600,60511,1940,2
"34003054300",3501,616600,192540,1947,3
"34003054400",1387,358100,99821,1944,3
"34003054500",1179,414300,130489,1939,3
"34003054600",1352,361400,97232,1954,3
"34003055100",1713,986900,165104,1955,3
"34003055200",1408,611500,130139,1955,3
"34003056100",1740,416400,106875,1953,3
"34003056200",2092,442500,113452,1960,3
"34003057101",1065,360300,51774,1962,2
"34003057102",1066,393000,63264,1951,3
"34003057200",1329,310400,57083,1951,3
"34003058100",2091,531000,107500,1963,3
"34003058200",2414,481000,116615,1960,3
"34003059100",1764,426800,87938,1961,3
"34003059200",1010,443100,96932,1951,3
"34003060000",1601,383600,99871,1956,3
"34003061100",3207,658700,137000,1964,3
"34003061200",1451,787100,132267,1956,3
"34003061300",1125,802900,150250,1968,3
"34003061400",2050,671600,149554,1962,3
"34013000100",950,230200,37064,1956,3
"34013000200",971,325800,30929,1964,3
"34013000300",426,193400,19734,1952,3
"34013000400",1095,264800,45031,1956,3
"34013000500",1003,206300,33781,1952,3
"34013000600",1101,271100,41226,1950,3
"34013000700",918,267700,26870,1957,3
"34013000800",996,220300,39327,1959,4
"34013000900",788,227100,23115,1954,3
"34013001000",940,211500,31786,1967,3
"34013001100",726,221700,41625,1997,3
"34013001300",1124,,31176,1996,3
"34013001400",994,165800,27328,1956,3
"34013001500",750,286400,17083,1974,3
"34013001600",957,213600,33563,1955,3
"34013001700",1170,171900,30597,1962,3
"34013001800",1168,140000,29896,1980,3
"34013001900",482,171400,23313,1961,3
"34013002000",937,198400,33980,1950,3
"34013002100",993,222500,50476,1944,3
"34013002201",946,228200,33862,1955,3
"34013002202",1224,216700,50163,1945,3
"34013002300",1026,183600,43565,1949,3
"34013002400",1195,179900,26724,1948,3
"34013002500",1179,161400,28179,1954,3
"34013002600",1154,169200,23438,1990,3
"34013002800",1086,197200,29167,1994,3
"34013003100",798,163700,30246,2004,3
"34013003500",1185,173600,32750,1995,3
"34013003700",1147,168000,29038,1953,3
"34013003800",1096,164800,37431,1991,3
"34013003900",470,290000,12191,1978,2
"34013004100",1006,171000,24302,1949,3
"34013004200",1074,170000,35968,1948,3
"34013004300",1198,188500,26059,1983,3
"34013004400",959,207300,31141,1952,3
"34013004500",1040,211700,38512,1947,3
"34013004600",1036,227200,26369,1952,2
"34013004700",1027,232000,45224,1941,3
"34013004801",770,186300,26417,1972,3
"34013004802",318,138800,13689,1961,2
"34013004900",939,249100,34534,1962,3
"34013005000",899,196000,30086,1993,3
"34013005100",1125,197100,46017,1950,3
"34013005200",1192,222400,52292,1954,4
"34013005300",1074,188900,27333,1946,3
"34013005400",795,268200,26390,1959,3
"34013005700",1184,197300,36667,1995,3
"34013006200",683,75000,16518,1970,2
"34013006400",1630,197500,57639,1989,2
"34013006600",797,,34398,1967,2
"34013006700",407,334800,14317,1961,2
"34013006800",1168,336700,41132,1990,3
"34013006900",1110,327000,41985,1955,3
"34013007000",984,234300,45559,1950,3
"34013007100",1082,252100,55489,1955,3
"34013007200",1203,242500,69750,1945,3
"34013007300",1101,277500,48194,1946,3
"34013007400",1179,251500,47917,1971,3
"34013007501",872,306900,27438,1954,3
"34013007502",961,312900,40313,1947,3
"34013007600",1086,275600,39767,1948,3
"34013007700",1111,233300,49880,1942,3
"34013007800",1207,237300,45184,1948,3
"34013007900",1030,304300,41182,1941,3
"34013008000",1222,229500,44857,1939,2
"34013008100",721,,23667,1968,2
"34013008200",540,223700,18598,1982,3
"34013008700",975,199400,40179,1946,4
"34013008800",931,221500,36423,1961,3
"34013008900",1004,124800,25250,1968,3
"34013009000",1062,,37793,1967,2
"34013009100",1091,170200,36224,1946,3
"34013009200",927,235000,21462,1981,3
"34013009300",914,217000,34844,1950,3
"34013009400",957,285800,30176,1959,2
"34013009500",1034,326300,29913,1962,2
"34013009600",1132,253600,33902,1966,3
"34013009700",1063,210100,32048,1953,3
"34013009900",890,197000,27756,1966,2
"34013010000",1025,200000,60192,1956,2
"34013010100",1158,205400,53684,1950,3
"34013010200",715,223000,40585,1953,3
"34013010300",1059,216900,37366,1946,3
"34013010400",1031,257800,41188,1961,2
"34013010500",1010,217600,36368,1953,2
"34013010600",844,219700,25483,1956,3
"34013010700",975,194500,45054,1950,3
"34013010800",1283,213200,44263,1939,3
"34013010900",1008,248800,36477,1970,3
"34013011100",923,110000,28986,1956,2
"34013011200",1019,209100,31774,1970,2
"34013011300",1022,,36206,1965,2
"34013011400",1266,179700,49654,1958,2
"34013011500",1079,171400,44226,1948,3
"34013011600",1052,215300,37347,1944,3
"34013011700",947,203400,37278,1956,3
"34013011800",1079,201900,60057,1949,3
"34013011900",960,127100,37188,1960,2
"34013012000",1096,174300,49676,1958,3
"34013012100",1079,174400,42331,1952,3
"34013012200",974,223200,36984,1949,3
"34013012300",895,185900,39242,1949,3
"34013012400",587,190900,28603,1962,2
"34013012500",953,206400,38491,1948,3
"34013012600",1156,166000,31042,1943,3
"34013012700",1132,172500,50000,1945,3
"34013012800",1066,165900,42284,1958,3
"34013012900",1015,167500,31983,1954,3
"34013013000",918,,50750,1968,2
"34013013100",1066,179700,32750,1952,3
"34013013200",753,157600,26684,1960,2
"34013013300",992,158200,27331,1954,3
"34013013400",1265,386600,104728,1939,3
"34013013500",1440,403800,98667,1946,3
"34013013600",1453,354000,90466,1964,3
"34013013700",1136,341900,61656,1948,2
"34013013800",1088,362800,84056,1949,3
"34013013900",1326,336500,86429,1951,3
"34013014000",1256,279500,82833,1959,3
"34013014100",1329,281800,71734,1953,3
"34013014200",1291,300000,87361,1949,3
"34013014300",1175,273200,60137,1947,3
"34013014400",1220,217200,52656,1964,2
"34013014500",1221,266700,58704,1953,3
"34013014600",1291,279900,77888,1945,3
"34013014700",1135,229100,50018,1957,2
"34013014800",2036,376500,113056,1948,3
"34013014900",2736,351500,128105,1945,3
"34013015000",1265,346700,81417,1951,3
"34013015100",1282,290000,75135,1943,3
"34013015200",1284,288200,63266,1951,3
"34013015300",1236,312900,65781,1957,2
"34013015400",1272,314000,58802,1939,2
"34013015500",1433,291600,77115,1939,3
"34013015600",1192,273600,68986,1949,2
"34013015700",1231,243400,66148,1939,3
"34013015800",1162,315300,62182,1939,3
"34013015900",1292,256400,63061,1941,3
"34013016000",1560,593300,170839,1939,3
"34013016100",1434,699000,183750,1939,3
"34013016200",2292,707100,244375,1939,3
"34013016300",1613,680800,157232,1939,3
"34013016400",1457,635300,127500,1939,3
"34013016500",1260,649400,153636,1939,3
"34013016600",1602,446700,89118,1939,3
"34013016700",1233,307100,59167,1976,2
"34013016800",1354,302300,65484,1945,2
"34013016900",1672,889400,127250,1939,3
"34013017000",1578,503400,88750,1939,2
"34013017100",1264,311200,39750,1946,3
"34013017200",1363,370300,82174,1942,3
"34013017301",2140,382800,122220,1967,3
"34013017302",1475,368700,96776,1974,2
"34013017400",2010,340000,133500,1962,3
"34013017500",1569,340100,75690,1963,2
"34013017600",1160,270800,50224,1947,3
"34013017700",1315,256700,49485,1946,3
"34013017800",1191,273300,48000,1953,3
"34013017900",1701,378700,122941,1939,3
"34013018000",2144,425700,117321,1955,3
"34013018100",1154,172100,41953,1958,3
"34013018200",938,176000,28942,1966,3
"34013018300",1085,142800,39873,1953,3
"34013018400",1098,219600,27257,1963,2
"34013018600",1100,228700,34773,1958,3
"34013018700",929,188800,27433,1962,2
"34013018800",1037,287300,52411,1954,3
"34013018900",1100,210800,38810,1939,3
"34013019000",2625,681900,178750,1942,3
"34013019100",1599,485300,117132,1939,3
"34013019200",1284,425200,72000,1943,3
"34013019300",1823,437900,85184,1953,2
"34013019400",2875,644700,201172,1939,3
"34013019500",3026,556500,185000,1939,3
"34013019600",1144,351200,91534,1944,3
"34013019700",1479,282200,70065,1945,3
"34013019800",2063,500700,148667,1939,3
"34013019900",1000,698300,183068,1939,3
"34013020000",3501,1534600,250001,1952,3
"34013020100",2188,1418300,250001,1960,3
"34013020200",1743,726300,146130,1939,3
"34013020300",1548,826100,98750,1952,3
"34013020400",3026,576100,171125,1962,3
"34013020500",2782,630000,161786,1960,3
"34013020600",1449,629900,135052,1960,3
"34013020700",2513,466400,130150,1954,3
"34013020800",3205,597400,142500,1966,3
"34013020901",2071,832400,174432,1944,3
"34013020902",2066,477200,96250,1970,2
"34013021000",1356,461500,110260,1955,3
"34013021100",1492,355200,87593,1959,3
"34013021200",1451,525800,115066,1950,3
"34013021300",1332,448500,126300,1958,3
"34013021400",1407,440600,101509,1958,2
"34013021601",1854,472100,100977,1965,3
"34013021602",,713500,188897,1962,3
"34013021701",1332,413900,84741,1956,2
"34013021702",1323,443500,69375,1959,2
"34013021801",,499100,144327,1960,3
"34013021802",2146,460800,86406,1964,3
"34013021803",1624,468400,95208,1955,3
"34013022700",502,266700,13915,1978,3
"34013022800",549,,20507,1990,3
"34013022900",903,174000,40332,1971,2
"34013023000",473,180100,17071,1987,3
"34013023100",930,263500,29628,1996,3
"34013023200",880,216100,28472,1972,3
"34013980100",,,,,
"34013980200",,,,,
"34017000100",1298,293300,65179,1970,3
"34017000200",1195,300800,52979,1971,3
"34017000300",1125,371300,49387,1944,3
"34017000400",1206,347800,54191,1961,3
"34017000500",1209,295700,51761,1946,3
"34017000600",1041,310300,55833,1939,3
"34017000700",1137,285000,60758,1942,3
"34017000800",1396,376800,62826,1958,3
"34017000902",1101,303200,45882,1965,2
"34017001000",1199,288500,64875,1939,3
"34017001100",1313,265400,66781,1939,3
"34017001201",1101,342700,66111,1939,3
"34017001202",952,278500,48063,1939,3
"34017001300",1341,292500,60078,1949,3
"34017001400",1175,317700,60313,1939,3
"34017001701",1212,351000,46221,1941,3
"34017001800",1022,304300,40259,1939,3
"34017001900",1135,375900,54688,1939,2
"34017002000",1058,366400,43152,1939,2
"34017002200",1428,555600,84063,1939,2
"34017002300",1575,506000,104830,1939,2
"34017002400",1746,490600,110625,1939,2
"34017002700",1076,265200,40278,1939,3
"34017002800",1102,293800,60746,1939,3
"34017002900",1069,275900,49528,1939,3
"34017003000",972,327700,36625,1939,2
"34017003100",1205,342300,45733,1939,2
"34017003500",1461,538700,81705,1939,2
"34017004000",1214,249400,62031,1953,3
"34017004101",993,311000,52399,1939,3
"34017004102",1101,308200,35996,1950,3
"34017004200",937,311200,37750,1967,3
"34017004300",1102,292300,61655,1939,3
"34017004400",869,278100,19054,1952,2
"34017004500",1134,341400,31488,1965,3
"34017004600",1114,278800,35673,1946,3
"34017004700",1373,255000,53214,1939,3
"34017004800",1286,285200,57716,1954,3
"34017004900",1226,284700,48678,1945,3
"34017005200",1098,235900,31993,1951,3
"34017005300",1178,263500,36398,1951,3
"34017005400",1346,337100,95441,1988,3
"34017005500",1109,180200,40444,1968,3
"34017005600",1051,283800,44051,1947,3
"34017005801",1019,254500,34037,1955,3
"34017005802",2065,492500,139500,1998,2
"34017005900",1151,296900,61591,1959,3
"34017006000",1030,271500,41331,1943,3
"34017006100",1063,252300,48231,1967,3
"34017006200",1060,237900,35625,1962,3
"34017006300",1083,235800,32422,1955,2
"34017006400",1629,498500,98319,1939,2
"34017006500",1048,424100,57500,1939,2
"34017006600",1554,437500,108523,1974,4
"34017006700",393,410700,22679,1955,3
"34017006800",1200,198200,33250,1956,3
"34017006900",,,,1939,2
"34017007000",1546,465300,101071,1971,2
"34017007100",1070,369800,55132,1939,2
"34017007200",1932,566600,101733,1957,2
"34017007300",2385,557800,140000,2006,2
"34017007400",3011,658900,179850,,2
"34017007500",1789,506500,103347,1970,2
"34017007600",2826,685400,167201,2004,2
"34017007700",2610,625000,136742,1997,2
"34017007800",856,280000,26384,1973,2
"34017010100",1180,317400,47308,1949,3
"34017010200",1220,320100,56852,1939,2
"34017010300",1118,267000,40644,1946,3
"34017010400",1534,319800,64449,1943,3
"34017010500",1349,369500,67331,1939,2
"34017010600",1041,307500,43166,1958,2
"34017010700",1067,328900,45875,1945,3
"34017010800",1136,330600,65938,1961,3
"34017010900",911,322400,29844,1951,2
"34017011000",1242,275000,50517,1962,3
"34017011100",1206,295200,45255,1942,3
"34017011200",1360,314300,64722,1952,3
"34017011300",1045,267100,46616,1947,2
"34017011400",1264,306200,65708,1954,3
"34017011500",1256,324000,71200,1939,3
"34017011600",821,305600,46821,1949,2
"34017012300",1119,306500,62500,1939,3
"34017012400",969,348200,95439,1939,3
"34017012500",1156,328600,95000,1948,3
"34017012600",1167,298200,52276,1940,3
"34017012700",1178,293400,63480,1957,3
"34017012800",1283,306000,53879,1950,3
"34017012900",1227,322000,56941,1939,3
"34017013000",1203,306200,55929,1947,3
"34017013100",1138,314000,51932,1947,3
"34017013200",1248,286700,56990,1941,3
"34017013300",1242,292800,57236,1946,3
"34017013400",1319,260500,59038,1947,3
"34017013500",1201,295300,47382,1963,3
"34017013600",1257,363200,48833,1962,3
"34017013700",1245,290400,61466,1958,3
"34017013800",1701,321300,78382,1979,2
"34017013900",1243,326900,70625,1968,3
"34017014000",1386,357700,55232,1953,3
"34017014101",1672,254500,82160,1968,2
"34017014102",1210,302900,57118,1956,2
"34017014200",1166,338800,57411,1939,3
"34017014300",1250,362600,57917,1949,3
"34017014400",1568,310900,64946,1960,3
"34017014501",1397,295700,56555,1972,4
"34017014502",409,281000,17340,1972,2
"34017014600",1369,294900,67500,1966,4
"34017014700",1460,273400,56653,1962,3
"34017014800",1130,243900,45817,1965,3
"34017014900",1197,288700,59289,1946,3
"34017015001",2171,254300,92679,1975,2
"34017015002",1259,338600,42162,1964,3
"34017015100",1267,335300,50920,1960,3
"34017015201",2019,281400,119107,1974,2
"34017015202",1307,320100,52423,1951,3
"34017015300",1065,336500,40417,1943,3
"34017015500",1265,296900,46161,1954,3
"34017015600",1070,270800,39512,1954,3
"34017015700",1293,260100,52472,1939,3
"34017015801",2874,561700,132643,2003,2
"34017015802",1084,377500,45057,1966,2
"34017015900",1089,249600,37860,1949,3
"34017016000",1104,257100,45208,1955,3
"34017016100",1125,299400,43676,1955,3
"34017016200",1115,319900,35942,1945,3
"34017016300",1146,285000,47000,1967,3
"34017016400",1120,293300,31761,1954,3
"34017016500",1169,252000,48750,1964,3
"34017016600",1127,291600,41742,1952,3
"34017016700",1167,347700,45625,1953,3
"34017016800",1182,307000,41354,1953,3
"34017016900",1140,256500,33194,1952,3
"34017017000",1156,289800,38221,1968,3
"34017017100",1169,286200,51879,1952,3
"34017017200",1169,350000,46429,1939,3
"34017017300",1088,249100,58273,1958,2
"34017017400",1056,303900,36979,1958,3
"34017017500",1070,232700,40458,1958,3
"34017017600",1136,292100,38875,1942,3
"34017017700",992,285200,38904,1963,3
"34017017800",1033,294600,46075,1965,3
"34017017900",2737,1017200,152708,2002,2
"34017018000",1192,427000,75282,1939,2
"34017018100",1160,558900,65536,1939,2
"34017018200",1295,463800,65474,1943,2
"34017018301",2997,1078700,218173,2004,2
"34017018302",3252,836800,216300,2002,2
"34017018400",2389,607300,126358,1974,2
"34017018500",2206,604700,126591,1992,2
"34017018600",1740,628500,112773,1939,2
"34017018701",2142,764200,116053,1939,2
"34017018702",1866,629500,105815,1939,2
"34017018800",1793,515400,107069,1939,2
"34017018900",1354,576400,110313,1965,2
"34017019000",1165,533800,61504,1959,2
"34017019100",1858,586200,92431,1970,2
"34017019200",2405,579300,173750,1998,2
"34017019300",1763,526500,102770,1950,2
"34017019400",1586,597000,92011,1962,2
"34017019800",1483,477000,97042,1970,3
"34017019900",1460,344100,84410,1978,2
"34017020000",1459,400600,86923,1957,3
"34017020100",2500,,133289,2007,3
"34017032400",1086,324400,40441,1968,3
"34017980100",,,,,
"34019010100",575,646700,173403,1975,3
"34019010200",1167,355700,103972,1972,3
"34019010300",1087,210600,65750,1978,2
"34019010400",1528,372900,122059,1974,3
"34019010500",1230,338100,87750,1971,3
"34019010600",1249,403800,116542,1972,3
"34019010701",1447,394000,123233,1982,3
"34019010702",1307,468900,99219,1971,3
"34019010801",1196,352100,108068,1965,3
"34019010802",1958,258600,86667,1987,2
"34019010900",1341,240000,84397,1959,2
"34019011001",1963,436300,142476,1977,3
"34019011002",1432,391800,112950,1984,3
"34019011100",1686,379500,92988,1992,2
"34019011201",,512700,168491,1977,3
"34019011202",1479,376500,94438,1983,3
"34019011301",1598,417300,141228,1983,3
"34019011302",947,423700,110649,1989,3
"34019011303",1376,271300,84091,,2
"34019011304",1605,450300,138368,1982,3
"34019011400",1263,289000,58401,1960,2
"34019011500",1173,363100,101232,1961,3
"34019011600",1196,447600,113705,1960,2
"34019011700",1711,405400,116048,1972,3
"34019011800",1336,392000,102944,1969,3
"34019011900",1209,365200,89955,1939,2
"34023000100",1278,321900,106786,1961,3
"34023000200",1303,280500,66071,1960,3
"34023000300",1213,285200,76333,1953,3
"34023000401",1757,282400,88906,1966,3
"34023000403",1848,305300,109643,1994,3
"34023000404",1335,276400,65039,1966,3
"34023000501",2047,254700,77598,1960,3
"34023000502",1411,279200,79643,1974,3
"34023000603",2031,373200,112796,1976,3
"34023000606",2027,330000,96095,1987,3
"34023000608",1775,244900,70682,1985,3
"34023000701",1388,408000,89583,1978,3
"34023000702",1028,329700,99722,1963,3
"34023000801",1750,322000,84833,1956,3
"34023000802",1642,321800,97308,1958,3
"34023000901",1681,306500,106875,1958,3
"34023000902",1270,311100,64811,1960,3
"34023001001",1603,338400,100273,1964,3
"34023001002",1646,334500,102432,1986,3
"34023001100",1358,394700,71220,1957,2
"34023001200",1245,329700,60734,1959,3
"34023001300",1318,356800,73875,1949,3
"34023001409",,510200,157045,1969,3
"34023001410",,479500,111204,1983,3
"34023001411",,472900,127841,1978,3
"34023001412",,383900,127109,1982,3
"34023001413",1729,479100,106125,1985,3
"34023001414",1562,372600,106250,1989,3
"34023001415",2173,538900,134612,1966,3
"34023001416",1310,439500,87750,1972,3
"34023001417",1477,494600,102008,1971,3
"34023001502",1326,345000,85238,1961,3
"34023001504",1689,376200,104449,1984,3
"34023001505",1784,280400,111707,1984,3
"34023001506",1592,331400,92524,1983,3
"34023001600",1144,269300,71801,1957,3
"34023001701",1214,288200,91646,1957,3
"34023001702",1267,280900,74754,1959,3
"34023001803",1426,290300,82330,1957,3
"34023001804",1195,287400,58831,1968,3
"34023001805",1494,332100,79583,1980,3
"34023001901",1020,312700,60788,1966,2
"34023001902",1335,301000,69891,1953,2
"34023001903",1176,271700,67583,1956,2
"34023002000",1932,365100,105811,1963,3
"34023002101",1551,489200,140250,1953,3
"34023002102",1408,433700,126027,1955,3
"34023002200",,331300,101856,1954,3
"34023002301",1403,345500,106500,1957,3
"34023002302",,359000,107463,1958,3
"34023002401",1561,324100,97132,1958,3
"34023002402",2021,475800,111750,1956,3
"34023002500",1403,287400,80700,1957,3
"34023002603",1621,314600,88132,1975,3
"34023002604",1813,285900,85000,1958,3
"34023002605",1192,331800,73804,1960,3
"34023002701",1193,267600,76359,1972,3
"34023002703",1148,279300,63371,1957,3
"34023002805",1682,308000,94539,1957,3
"34023002901",1750,279400,77288,1963,3
"34023002902",1024,274300,59333,1950,3
"34023003001",1266,280000,75089,1953,3
"34023003002",1740,257500,100596,1981,3
"34023003101",,300900,106364,1954,3
"34023003102",1217,315200,85931,1960,3
"34023003201",,280200,83935,1951,3
"34023003203",1255,265800,71667,1947,3
"34023003300",1268,236000,60813,1976,3
"34023003401",1110,273500,71000,1955,3
"34023003500",1083,261400,71495,1960,3
"34023003600",1379,235000,60778,1975,3
"34023003700",1135,271300,67109,1958,3
"34023003800",1182,266200,67964,1959,3
"34023004000",1115,268300,55929,1962,3
"34023004100",1083,250700,76350,1953,3
"34023004200",1172,258500,64375,1944,3
"34023004300",1211,225800,61964,1952,4
"34023004400",1319,227800,58500,1952,4
"34023004500",1353,225500,48641,2000,4
"34023004600",1192,244800,38906,1963,3
"34023004700",1318,245800,62454,1969,3
"34023004800",1150,212500,31016,1961,3
"34023004900",1120,237100,31686,1962,3
"34023005000",1139,295300,47784,1939,4
"34023005100",1527,374100,54438,1963,3
"34023005200",1460,324200,24333,1955,3
"34023005300",1459,250400,45880,1948,5
"34023005500",1213,145300,26771,1975,3
"34023005601",1116,237000,37097,1956,3
"34023005602",1492,250500,43297,1950,5
"34023005700",1388,177200,37823,1967,3
"34023005800",1438,254200,31458,1951,4
"34023006001",1393,276900,85074,1965,3
"34023006002",1129,351200,43418,1962,3
"34023006101",1057,259800,55536,1956,3
"34023006103",1289,275500,64868,1970,3
"34023006104",1170,358800,85278,1973,3
"34023006203",1866,352200,93958,1995,3
"34023006204",1437,303500,82386,1982,2
"34023006205",1760,279700,104393,1981,3
"34023006206",2357,403600,132813,1969,3
"34023006207",1274,273700,58583,1979,3
"34023006300",1211,347500,106500,1958,3
"34023006403",,422900,113043,1959,3
"34023006500",1743,370800,101114,1963,3
"34023006601",2096,460400,114643,1969,3
"34023006604",1630,332400,82117,1986,3
"34023006605",1253,498100,112986,1974,2
"34023006606",2295,471200,160417,1975,3
"34023006607",,406700,137647,1966,3
"34023006608",1625,296900,94861,1984,3
"34023006701",2220,351300,100599,1962,3
"34023006703",1441,359400,94786,1971,3
"34023006800",1413,247400,61250,1954,3
"34023006900",1164,271100,56146,1946,3
"34023007000",1090,294800,75370,1962,3
"34023007101",1627,313600,74076,1969,3
"34023007102",1351,325800,89286,1962,3
"34023007103",1119,358900,46989,1970,3
"34023007202",1575,293500,97917,1969,3
"34023007203",1053,290500,69773,1968,3
"34023007301",1652,296200,83889,1961,3
"34023007303",1307,285300,84688,1958,3
"34023007304",1182,329400,77652,1971,3
"34023007402",1643,266800,80921,1966,2
"34023007500",1365,278400,74000,1952,3
"34023007600",949,277000,65636,1954,2
"34023007702",1268,452300,93295,1980,3
"34023007703",1548,323800,98309,1964,3
"34023007704",783,311000,92348,1962,3
"34023007801",1171,296100,63732,1968,2
"34023007804",714,329600,87375,1975,3
"34023007805",,344800,116208,1963,3
"34023007806",1067,355200,84853,1964,3
"34023007905",1214,276600,86107,1957,3
"34023007906",1104,363800,61000,1964,3
"34023007907",1130,299800,85906,1965,2
"34023007908",1143,,58698,1960,2
"34023007909",2545,375400,124375,1985,3
"34023007910",1219,195900,58843,1972,2
"34023007911",1179,473300,158500,1994,4
"34023007912",1596,338800,98750,1985,2
"34023008001",1410,224200,75168,1959,3
"34023008101",983,256700,73849,1965,2
"34023008102",386,322800,76786,1966,3
"34023008103",1649,272200,75096,1983,3
"34023008202",1205,500200,123864,2004,3
"34023008204",1695,174600,46512,1984,2
"34023008205",1689,166500,47369,1987,2
"34023008206",1408,94100,34833,1975,1
"34023008207",,278300,56862,1994,2
"34023008208",3100,539500,147344,1996,3
"34023008209",,338800,98917,1971,3
"34023008300",1007,266100,66221,1972,3
"34023008403",1650,440400,116728,1988,3
"34023008404",1099,348600,86490,1968,3
"34023008405",2000,473000,146313,1990,3
"34023008406",1145,426300,125192,1975,3
"34023008501",1391,317800,79167,1988,3
"34023008502",2167,489700,141420,1992,3
"34023008503",1794,358800,122446,1987,3
"34023008504",1498,413400,95370,1987,3
"34023008601",2381,515000,136250,1992,3
"34023008602",1521,554300,102748,1986,3
"34023008604",1359,375200,95566,1983,2
"34023008605",1380,407100,94906,1988,2
"34023008606",1384,280100,76373,1983,2
"34023008700",1142,673100,136471,1982,3
"34023008800",1400,379800,111944,1972,3
"34023008900",1262,260200,66429,1984,2
"34023009000",1592,206200,62369,1990,3
"34023009100",1669,278400,85743,1968,3
"34023009200",1623,267700,80253,1974,3
"34023009300",1546,427200,42971,1989,3
"34023009400",1210,308000,84928,1974,3
"34025800100",1149,244700,61487,1973,2
"34025800200",1220,366300,91579,1954,2
"34025800400",1323,330300,71964,1947,3
"34025800500",1812,321700,103750,1960,3
"34025800601",1485,249300,85034,1958,3
"34025800602",1793,327400,93235,1967,3
"34025800701",2276,355400,118182,1964,3
"34025800702",373,401900,93250,1968,3
"34025800800",1301,347800,87101,1959,3
"34025800900",1108,491600,95457,1973,2
"34025801000",1180,444700,79667,1969,3
"34025801100",2164,566300,129485,1974,3
"34025801200",,618800,176307,1969,3
"34025801300",1693,365500,81059,1974,2
"34025801400",983,396000,130089,1956,3
"34025801500",371,504100,129716,1967,3
"34025801600",999,190200,52204,1960,2
"34025801700",1068,164900,34669,1955,2
"34025801800",1670,254100,66596,1957,3
"34025801900",1201,251700,60987,1948,2
"34025802000",887,264500,40655,1957,2
"34025802100",772,296000,84016,1966,3
"34025802200",1417,255700,74880,1961,3
"34025802300",918,303600,85417,1961,3
"34025802400",1821,328000,104441,1966,3
"34025802500",1565,245100,74175,1958,3
"34025802600",1231,268200,63007,1972,3
"34025802700",2039,337800,103558,1968,3
"34025802800",1486,322100,85745,1968,3
"34025802900",1491,345900,107333,1967,3
"34025803000",1306,316200,89870,1965,3
"34025803100",1328,315900,74137,1966,3
"34025803201",2264,405200,94167,1991,3
"34025803202",901,688400,155685,1984,3
"34025803300",,685500,193425,1977,3
"34025803400",1367,240400,51793,1939,4
"34025803500",1235,402900,73162,1949,2
"34025803600",1415,384300,76103,1957,2
"34025803700",2297,664500,161131,1953,3
"34025803800",,1174000,179605,1967,3
"34025803900",2685,743100,106250,1955,3
"34025804100",1988,663800,105391,1976,2
"34025804200",2187,608300,137652,1959,3
"34025804500",2034,309400,112125,1981,3
"34025804600",3200,472700,137891,1990,3
"34025804700",,,,1962,
"34025804800",1803,274300,53843,1997,2
"34025805001",1151,258300,42961,1968,2
"34025805100",1302,369900,92350,1980,3
"34025805300",,446900,106250,1967,3
"34025805400",1304,370600,57979,1980,2
"34025805500",1289,268300,59769,1963,3
"34025805600",963,302100,34971,1965,3
"34025805700",1165,246300,47662,1939,3
"34025805800",1321,364200,44297,1984,2
"34025805900",1166,279800,51400,1951,3
"34025806000",1228,388100,47163,1970,2
"34025806100",1607,384300,60917,1963,3
"34025806201",,442800,84181,1959,3
"34025806202",1343,373200,87174,1962,3
"34025806300",1356,518900,101346,1956,3
"34025806400",1675,372900,93514,1964,3
"34025806501",1120,407400,51080,1984,2
"34025806502",1150,345000,57148,1979,2
"34025806503",1896,458100,107847,1981,3
"34025806504",985,481800,57563,1972,2
"34025806600",1842,365500,106083,1958,3
"34025807003",1075,471200,40147,1964,2
"34025807004",1093,351000,38958,1960,2
"34025807100",886,333300,60076,1939,2
"34025807200",611,213600,20996,1959,3
"34025807300",1370,195600,33177,1955,3
"34025807400",1028,440600,58682,1939,2
"34025807500",1408,227600,50045,1950,3
"34025807600",1023,192700,31800,1962,3
"34025807700",1179,247500,55417,1975,3
"34025807800",2142,265100,88594,1966,3
"34025807900",1767,314500,81398,1976,2
"34025808001",1710,344800,93125,1963,3
"34025808002",1769,282900,86734,1960,3
"34025808100",1108,264400,54657,1963,2
"34025808200",1237,458400,59643,1958,2
"34025808300",1437,899400,73516,1948,2
"34025808401",1245,691600,64022,1954,2
"34025808402",1438,530500,69516,1951,2
"34025808500",1302,369200,94477,1968,3
"34025808600",924,448500,84693,1978,3
"34025808701",1322,541800,110250,1992,3
"34025808702",1958,538000,116023,1989,3
"34025808800",1169,446900,86486,1960,2
"34025808900",1413,470800,68750,1968,2
"34025809000",1358,402700,76250,1954,2
"34025809100",1781,1314400,93185,1939,2
"34025809200",2125,1227300,113333,1959,2
"34025809301",1367,567300,97721,1957,3
"34025809302",1269,732100,103214,1967,2
"34025809400",1970,608000,127163,1975,3
"34025809501",2259,607300,153458,1993,3
"34025809502",2132,484500,133698,1991,3
"34025809600",1596,478800,139181,1978,3
"34025809701",1449,512800,156806,1978,3
"34025809703",2013,449700,112750,1983,3
"34025809704",2233,536500,143657,1989,3
"34025809901",1837,727500,166957,1972,3
"34025809902",1421,773900,154167,1986,3
"34025809903",2125,,48750,1968,4
"34025810001",1736,523700,121336,1987,3
"34025810002",1198,147300,31766,1973,2
"34025810003",,413200,116845,1981,3
"34025810004",,469000,117381,1977,3
"34025810101",1641,434000,109048,1968,3
"34025810102",2052,438000,117436,1988,3
"34025810200",1755,477500,128125,2002,3
"34025810300",1470,295200,82976,1985,3
"34025810401",2300,447600,110750,1978,3
"34025810402",1783,445200,124054,1984,3
"34025810501",2005,318800,82531,1986,3
"34025810502",1502,472700,131731,1976,3
"34025810503",1856,242800,70000,1987,2
"34025810600",1024,348400,81484,1992,2
"34025810700",1382,299800,84583,1958,3
"34025810800",1103,243000,45388,1965,3
"34025810900",1369,310000,61141,1954,3
"34025811000",1381,260700,52969,1964,3
"34025811101",1477,233700,53962,1986,2
"34025811102",1314,470500,122098,1991,3
"34025811200",1307,304000,86020,1970,3
"34025811301",1511,227800,77445,1986,3
"34025811303",2267,316100,112333,1978,3
"34025811304",,323400,105086,1984,3
"34025811401",,341000,120163,1983,3
"34025811402",1875,280300,93977,1969,3
"34025811501",1906,313200,111400,1986,3
"34025811502",1833,343200,98029,1991,3
"34025811600",1208,292200,59583,1967,3
"34025811900",1390,504300,132143,1995,3
"34025812000",1108,322600,97188,1960,3
"34025812100",1420,460400,82900,1971,2
"34025812200",1036,268400,76802,1975,2
"34025812300",1384,476700,93393,1958,3
"34025812400",1257,786800,98261,1939,2
"34025812501",,575100,143056,1989,3
"34025812502",1375,495400,128611,1985,3
"34025990000",,,,,
"34027040101",1494,375200,95250,1963,3
"34027040102",1629,308700,74871,1982,2
"34027040200",1162,355600,96250,1956,3
"34027040300",2112,406100,77031,1989,2
"34027040400",1903,330400,97045,2001,2
"34027040500",1264,343200,82429,1952,3
"34027040600",1227,346200,103074,1971,3
"34027040701",1828,493200,130526,1961,3
"34027040702",1759,589300,141286,1975,3
"34027040801",2228,591600,130585,1973,3
"34027040803",1568,533800,110913,1976,3
"34027040804",2203,483600,133650,1993,2
"34027040805",1917,604000,160000,1978,3
"34027040900",,545500,119667,1963,3
"34027041000",1343,351800,90656,1939,3
"34027041100",1340,394100,88594,1951,3
"34027041200",1810,825100,162206,1956,3
"34027041300",1379,408400,90612,1959,2
"34027041400",2067,341800,105708,1954,3
"34027041500",1932,455700,124491,1983,3
"34027041601",1783,420800,107806,1983,2
"34027041602",1438,387900,104477,1957,3
"34027041603",1128,429700,86659,1968,3
"34027041604",,455800,96250,1963,3
"34027041701",1193,337400,86375,1965,3
"34027041702",1480,318500,90321,1958,3
"34027041704",1159,452300,95284,1970,3
"34027041705",309,469900,74500,1969,3
"34027041706",1217,470800,64384,1973,2
"34027041801",1357,368700,71975,1969,3
"34027041802",1786,368400,101161,1963,3
"34027041803",2798,515300,153352,1981,3
"34027041901",1281,518200,103816,1965,3
"34027041902",2190,540100,109250,1983,3
"34027042000",1911,481400,113603,1975,3
"34027042100",2573,444600,117857,1966,3
"34027042200",2071,490100,116250,1974,3
"34027042301",2005,441500,120658,1949,3
"34027042302",1778,501900,124360,1969,3
"34027042500",2750,639400,126250,1957,3
"34027042600",2201,576300,108197,1985,2
"34027042700",1630,663900,114744,1948,3
"34027042800",1825,804900,201458,1945,3
"34027042900",1513,587800,83276,1959,2
"34027043000",1587,624400,104139,1952,3
"34027043100",1431,1052800,167847,1951,3
"34027043200",1665,751000,146333,1955,3
"34027043301",1441,541400,91406,1966,3
"34027043302",1822,605500,134583,1966,3
"34027043303",2273,629100,150938,1981,2
"34027043401",1753,470800,126786,1968,2
"34027043402",1510,587600,153833,1962,3
"34027043500",1204,345800,48871,1942,3
"34027043600",1643,469800,88945,1972,2
"34027043700",1473,447800,101953,1966,2
"34027043800",1508,391700,95567,1956,2
"34027043900",1757,832300,137361,1976,3
"34027044000",1956,820400,183333,1968,3
"34027044101",1255,548700,143150,1968,3
"34027044102",1747,466500,108625,1965,3
"34027044200",1788,1006100,172250,1974,2
"34027044300",1230,336600,79602,1958,3
"34027044401",1672,436500,121923,1966,3
"34027044403",1600,343500,123600,1967,3
"34027044404",,334400,113611,1961,3
"34027044501",1431,319600,81275,1987,2
"34027044502",1679,336400,101534,1965,3
"34027044601",933,346500,105163,1978,3
"34027044602",,325600,97157,1980,3
"34027044701",1677,272600,83589,1958,3
"34027044702",1402,378800,101071,1971,3
"34027044800",1375,262800,60507,1941,4
"34027044900",1485,270200,68067,1953,4
"34027045000",1230,251800,58311,1942,3
"34027045100",1315,279900,66284,1957,3
"34027045200",1133,290500,91429,1956,3
"34027045300",1273,289200,94258,1967,3
"34027045401",1583,289300,85282,1982,2
"34027045402",1130,266100,88872,1963,3
"34027045501",,379500,124167,1968,3
"34027045502",1658,406100,114522,1986,3
"34027045602",1242,171700,40700,1960,3
"34027045603",1325,437800,83646,1973,2
"34027045701",1027,556800,150850,1981,3
"34027045703",1482,549400,148125,1977,3
"34027045704",1441,527000,149250,1976,3
"34027045804",1864,900100,176875,1976,3
"34027045901",1255,497100,95114,1973,3
"34027045902",2193,637600,151607,1978,3
"34027046000",1165,266400,53804,1958,2
"34027046103",1356,315600,82766,1974,2
"34027046104",979,423100,88295,1977,3
"34027046105",1109,262400,73967,1974,2
"34027046106",1294,371600,134800,1992,3
"34027046201",1365,386100,115000,1985,3
"34027046202",1765,440700,141042,1975,3
"34027046297",,505100,140694,1983,3
"34027046298",1718,498900,142900,1977,3
